-- phpMyAdmin SQL Dump
-- version 4.5.4.1deb2ubuntu2.1
-- http://www.phpmyadmin.net
--
-- Host: localhost
-- Generation Time: Nov 30, 2019 at 12:42 AM
-- Server version: 5.7.24-0ubuntu0.16.04.1
-- PHP Version: 7.0.33-0ubuntu0.16.04.7

SET SQL_MODE = "NO_AUTO_VALUE_ON_ZERO";
SET time_zone = "+00:00";


/*!40101 SET @OLD_CHARACTER_SET_CLIENT=@@CHARACTER_SET_CLIENT */;
/*!40101 SET @OLD_CHARACTER_SET_RESULTS=@@CHARACTER_SET_RESULTS */;
/*!40101 SET @OLD_COLLATION_CONNECTION=@@COLLATION_CONNECTION */;
/*!40101 SET NAMES utf8mb4 */;

--
-- Database: `chuyte`
--

DELIMITER $$
--
-- Procedures
--
CREATE DEFINER=`hkunz`@`localhost` PROCEDURE `insert_items_transaction` (IN `data` JSON, OUT `success` BOOLEAN)  proc_insert_items_transaction:
BEGIN
    DECLARE id INT UNSIGNED DEFAULT 0;
    DECLARE customer VARCHAR(30) DEFAULT NULL;
	DECLARE type VARCHAR(10);
    DECLARE timestamp TIMESTAMP;
	DECLARE transaction_id INT UNSIGNED DEfAULT json_unquote(json_extract(data, '$.transaction_id'));
    DECLARE grand_total DECIMAL(13,2) DEFAULT json_unquote(json_extract(data, '$.grand_total'));
    DECLARE sub_total DECIMAL(13,2) DEFAULT json_unquote(json_extract(data, '$.sub_total'));
    DECLARE service_charge DECIMAL(13,2) DEFAULT json_unquote(json_extract(data, '$.service_charge'));
    DECLARE discount DECIMAL(13,2) DEFAULT json_unquote(json_extract(data, '$.discount'));
    DECLARE payment DECIMAL(13,2) DEFAULT json_unquote(json_extract(data, '$.payment'));

    SET success = FALSE;
    SET @items = json_unquote(json_extract(data, '$.items'));
    SET id = get_next_transaction_id();

    IF id = 0 OR id <> transaction_id THEN
        LEAVE proc_insert_items_transaction;
    END IF;

    SET customer = json_unquote(json_extract(data, '$.customer'));
    SET timestamp = json_unquote(json_extract(data, '$.timestamp'));
    SET type = json_unquote(json_extract(data, '$.type'));

    INSERT INTO `items_transactions`(`transaction_id`, `customer`, `type`, `date`, `sub_total`, `service_charge`, `grand_total`, `discount`, `payment`)
    VALUES (`transaction_id`, `customer`, `type`, `timestamp`, `sub_total`, `service_charge`, `grand_total`, `discount`, `payment`);
    CALL insert_items_transaction_details(`transaction_id`, `type`, @items, @success2);
    SET success = @success2;
END$$

CREATE DEFINER=`hkunz`@`localhost` PROCEDURE `insert_items_transaction_details` (IN `transaction_id` INT UNSIGNED, IN `type` VARCHAR(10), IN `data` JSON, OUT `success` BOOLEAN)  proc_insert_items_transaction_details:
BEGIN
    DECLARE json_len TINYINT UNSIGNED DEFAULT JSON_LENGTH(data);
    DECLARE i TINYINT UNSIGNED DEFAULT 0;
    DECLARE _item_id INT UNSIGNED DEFAULT 0;
    DECLARE _amount INT UNSIGNED DEFAULT 0;
    DECLARE delta INT DEFAULT 0;

    WHILE `i` < `json_len` DO
        SET `_item_id` = JSON_EXTRACT(data, CONCAT('$[', `i`, '].itemId'));
        SET `_amount` = JSON_EXTRACT(data, CONCAT('$[', `i`, '].amount'));
        SET `delta` = `_amount`;
        INSERT INTO `items_transactions_details` (`transaction_id`, `item_id`, `amount`)
        VALUES (`transaction_id`, `_item_id`, `_amount`);
        IF `type`='SALE' THEN
            SET `delta` = -`_amount`;
        END IF;
        CALL update_item_stock(`_item_id`, `delta`, @success2);
        SET `i` = `i` + 1;
    END WHILE;
    SET success = TRUE;
END$$

CREATE DEFINER=`hkunz`@`localhost` PROCEDURE `update_item_stock` (IN `itemId` INT UNSIGNED, IN `delta` INT, OUT `success` BOOLEAN)  proc_update_item_stock:
BEGIN
    DECLARE amount INT UNSIGNED DEFAULT 0;
    IF EXISTS (SELECT `stock` FROM `items_stock` WHERE `item_id`=`itemId`) THEN
    BEGIN
        SELECT t.`stock` INTO @amount FROM `items_stock` t WHERE t.`item_id`=`itemId`;
        IF @amount = 0 AND `delta` < 0 THEN
            LEAVE proc_update_item_stock;
        END IF;
        IF -`delta` > @amount THEN
            SET @amount = 0;
        ELSE
            SET @amount = @amount + `delta`;
        END IF;
        UPDATE `items_stock` t SET t.`stock`=@amount WHERE t.item_id=`itemId`;
    END;
    ELSE
    BEGIN
        IF `delta` > 0 THEN
            INSERT INTO `items_stock`(`item_id`, `stock`) VALUES (`itemId`,`delta`);
        END IF;
    END;
    END IF;
    SET success = TRUE;
END$$

--
-- Functions
--
CREATE DEFINER=`hkunz`@`localhost` FUNCTION `get_next_transaction_id` () RETURNS INT(10) UNSIGNED function_get_next_transaction_id:
BEGIN
    DECLARE id,next_id INT UNSIGNED DEFAULT 0;
    SET id = (SELECT MAX(transaction_id) FROM items_transactions);
    IF (id <> (SELECT MAX(transaction_id) FROM items_transactions_details)) THEN
        RETURN 0;
    END IF;
    RETURN id + 1;
END$$

CREATE DEFINER=`hkunz`@`localhost` FUNCTION `get_total_prepaid_load_profit` (`dateStart` TIMESTAMP, `dateEnd` TIMESTAMP) RETURNS INT(10) UNSIGNED function_get_total_prepaid_load_profit:
BEGIN
    DECLARE costs, revenue INT UNSIGNED DEFAULT 0;
    SET costs = (SELECT SUM(`cost`) FROM `view_transactions_prepaid_load` WHERE `date`>=dateStart AND `date`<=dateEnd);
    SET revenue = get_total_prepaid_load_revenue(dateStart, dateEnd);
	return revenue - costs;
END$$

CREATE DEFINER=`hkunz`@`localhost` FUNCTION `get_total_prepaid_load_revenue` (`dateStart` TIMESTAMP, `dateEnd` TIMESTAMP) RETURNS INT(10) UNSIGNED function_get_total_prepaid_load_revenue:
BEGIN
    DECLARE revenue INT UNSIGNED DEFAULT 0;
    SET revenue = (SELECT SUM(`gtotal`) FROM (
        SELECT transaction_id, MAX(`total_by_transaction_id`) as `gtotal` FROM (
            SELECT * FROM `view_transactions_prepaid_load` WHERE `date`>=dateStart AND `date`<=dateEnd
        ) AS T GROUP BY `transaction_id`
    ) AS T);
	return revenue;
END$$

CREATE DEFINER=`hkunz`@`localhost` FUNCTION `get_total_products_profit` (`dateStart` TIMESTAMP, `dateEnd` TIMESTAMP) RETURNS INT(10) UNSIGNED function_get_total_products_profit:
BEGIN
    return (SELECT SUM(`profit`) FROM `view_transactions_products` WHERE `date`>=dateStart AND `date`<=dateEnd);
END$$

CREATE DEFINER=`hkunz`@`localhost` FUNCTION `get_total_products_revenue` (`dateStart` TIMESTAMP, `dateEnd` TIMESTAMP) RETURNS INT(10) UNSIGNED function_get_total_products_revenue:
BEGIN
    return (SELECT SUM(`revenue`) FROM `view_transactions_products` WHERE `date`>=dateStart AND `date`<=dateEnd);
END$$

CREATE DEFINER=`hkunz`@`localhost` FUNCTION `get_total_services_revenue` (`dateStart` TIMESTAMP, `dateEnd` TIMESTAMP) RETURNS INT(10) UNSIGNED function_get_total_services_revenue:
BEGIN
    return (SELECT SUM(`revenue`) FROM `view_transactions_services` WHERE `date`>=dateStart AND `date`<=dateEnd);
END$$

DELIMITER ;

-- --------------------------------------------------------

--
-- Table structure for table `items`
--

CREATE TABLE `items` (
  `item_id` int(10) UNSIGNED NOT NULL,
  `bar_code` varchar(13) NOT NULL,
  `unit` enum('bar','bot','bx','crd','cut','dz','jar','ld','pad','pc','pd','pg','pk','rm','sbx','set','tie') NOT NULL,
  `count` smallint(5) UNSIGNED NOT NULL,
  `item_description` varchar(100) NOT NULL,
  `general_name` varchar(30) NOT NULL,
  `brand_name` varchar(25) DEFAULT NULL,
  `category` enum('Electronics','Food Additive','Galenical','Hardware','Household','Personal Accessory','Personal Hygiene','Pharmaceutical','School & Office','Service','Toiletry') NOT NULL,
  `unit_price` decimal(13,2) NOT NULL,
  `sell_price` decimal(13,2) NOT NULL,
  `supplier_name` enum('Chuyte','Klebbys','Conchitas','Hypermart','Other') NOT NULL
) ENGINE=InnoDB DEFAULT CHARSET=latin1;

--
-- Dumping data for table `items`
--

INSERT INTO `items` (`item_id`, `bar_code`, `unit`, `count`, `item_description`, `general_name`, `brand_name`, `category`, `unit_price`, `sell_price`, `supplier_name`) VALUES
(1, '', 'pg', 1, 'Service Print Black & White Page', 'Print Service', 'Klebbys', 'Service', '0.00', '2.00', 'Klebbys'),
(2, '', 'pg', 1, 'Service Print Color Page', 'Print Service', 'Klebbys', 'Service', '0.00', '5.00', 'Klebbys'),
(3, '', 'pg', 1, 'Service Print Color Full Page', 'Print Service', 'Klebbys', 'Service', '0.00', '10.00', 'Klebbys'),
(4, '', 'pg', 1, 'Service Photocopy Black & White Page', 'Print Service', 'Klebbys', 'Service', '0.00', '2.00', 'Klebbys'),
(5, '', 'pg', 1, 'Service Photocopy Color Page', 'Print Service', 'Klebbys', 'Service', '0.00', '5.00', 'Klebbys'),
(6, '', 'pg', 1, 'Service Photocopy Color Full Page', 'Print Service', 'Klebbys', 'Service', '0.00', '10.00', 'Klebbys'),
(7, '', 'pg', 1, 'Service Scan Page', 'Print Service', 'Klebbys', 'Service', '0.00', '8.00', 'Klebbys'),
(8, '', 'ld', 1, 'Service Prepaid Load &#8369;0.01 Credit Increment', 'Prepaid Load Service', 'Klebbys', 'Service', '0.01', '0.01', 'Klebbys'),
(9, '', 'ld', 1, 'Service Prepaid Load &#8369;0.25 Credit Increment', 'Prepaid Load Service', 'Klebbys', 'Service', '0.25', '0.25', 'Klebbys'),
(10, '', 'ld', 1, 'Service Prepaid Load &#8369;0.50 Credit Increment', 'Prepaid Load Service', 'Klebbys', 'Service', '0.50', '0.50', 'Klebbys'),
(11, '', 'ld', 1, 'Service Prepaid Load &#8369;1.00 Credit Increment', 'Prepaid Load Service', 'Klebbys', 'Service', '1.00', '1.00', 'Klebbys'),
(12, '', 'ld', 1, 'Service Prepaid Load &#8369;10.00 Credit (10% discount)', 'Prepaid Load Service', 'Klebbys', 'Service', '9.00', '9.00', 'Klebbys'),
(13, '', 'ld', 1, 'Service Prepaid Load &#8369;10.00 Credit (5% discount)', 'Prepaid Load Service', 'Klebbys', 'Service', '9.50', '9.50', 'Klebbys'),
(14, '', 'ld', 1, 'Service Prepaid Load &#8369;20.00 Credit (10% discount)', 'Prepaid Load Service', 'Klebbys', 'Service', '18.00', '18.00', 'Klebbys'),
(15, '', 'ld', 1, 'Service Prepaid Load &#8369;20.00 Credit (5% discount)', 'Prepaid Load Service', 'Klebbys', 'Service', '19.00', '19.00', 'Klebbys'),
(16, '', 'ld', 1, 'Service Prepaid Load &#8369;30.00 Credit (10% discount)', 'Prepaid Load Service', 'Klebbys', 'Service', '27.00', '27.00', 'Klebbys'),
(17, '', 'ld', 1, 'Service Prepaid Load &#8369;30.00 Credit (5% discount)', 'Prepaid Load Service', 'Klebbys', 'Service', '28.50', '28.50', 'Klebbys'),
(18, '', 'ld', 1, 'Service Prepaid Load &#8369;50.00 Credit (10% discount)', 'Prepaid Load Service', 'Klebbys', 'Service', '45.00', '45.00', 'Klebbys'),
(19, '', 'ld', 1, 'Service Prepaid Load &#8369;50.00 Credit (5% discount)', 'Prepaid Load Service', 'Klebbys', 'Service', '47.50', '47.50', 'Klebbys'),
(20, '', 'ld', 1, 'Service Prepaid Load &#8369;100.00 Credit (10% discount)', 'Prepaid Load Service', 'Klebbys', 'Service', '90.00', '90.00', 'Klebbys'),
(21, '', 'ld', 1, 'Service Prepaid Load &#8369;100.00 Credit (5% discount)', 'Prepaid Load Service', 'Klebbys', 'Service', '95.00', '95.00', 'Klebbys'),
(22, '', 'pg', 1, 'Service ID Copy Photocopy Black & White', 'Print Service', 'Klebbys', 'Service', '0.00', '4.00', 'Klebbys'),
(23, '', 'pg', 1, 'Service ID Copy Photocopy Color', 'Print Service', 'Klebbys', 'Service', '0.00', '10.00', 'Klebbys'),
(24, '', 'pc', 1, 'Service Photo 2X2" Picture Print', 'Photo Print Service', 'Klebbys', 'Service', '0.00', '5.00', 'Klebbys'),
(25, '', 'pc', 1, 'Service Photo 3.5X2.5" Picture Print', 'Photo Print Service', 'Klebbys', 'Service', '0.00', '5.00', 'Klebbys'),
(30, '4806530360098', 'pc', 1, 'TM Puncher T-07009 Medium', 'Puncher', 'TM', 'School & Office', '70.00', '0.00', 'Chuyte'),
(31, '6971642400142', 'dz', 12, 'TM Binder Clip T-20501-51mm 2"', 'Binder Clip', 'TM', 'School & Office', '66.00', '0.00', 'Chuyte'),
(32, '', 'pc', 1, 'TM Binder Clip T-20501-51mm 2"', 'Binder Clip', 'TM', 'School & Office', '5.50', '7.00', 'Chuyte'),
(33, '6971642400159', 'dz', 12, 'TM Binder Clip T-20501-41mm 1-5/8"', 'Binder Clip', 'TM', 'School & Office', '40.00', '0.00', 'Chuyte'),
(34, '', 'pc', 1, 'TM Binder Clip T-20501-41mm 1-5/8"', 'Binder Clip', 'TM', 'School & Office', '3.33', '4.50', 'Chuyte'),
(35, '6971642400166', 'dz', 12, 'TM Binder Clip T-20501-32mm 1-1/4"', 'Binder Clip', 'TM', 'School & Office', '25.00', '0.00', 'Chuyte'),
(36, '', 'pc', 1, 'TM Binder Clip T-20501-32mm 1-1/4"', 'Binder Clip', 'TM', 'School & Office', '2.08', '3.00', 'Chuyte'),
(37, '4806530360395', 'sbx', 100, 'TM Paper Clip T-20101-50mm (Jumbo)', 'Paper Clip', 'TM', 'School & Office', '20.00', '0.00', 'Chuyte'),
(38, '', 'pc', 1, 'TM Paper Clip T-20101-50mm (Jumbo)', 'Paper Clip', 'TM', 'School & Office', '0.20', '0.50', 'Chuyte'),
(39, '', 'sbx', 100, 'TM Paper Clip M20101-33mm (Small)', 'Paper Clip', 'TM', 'School & Office', '10.00', '0.00', 'Chuyte'),
(40, '', 'pc', 1, 'TM Paper Clip M20101-33mm (Small)', 'Paper Clip', 'TM', 'School & Office', '0.10', '0.25', 'Chuyte'),
(41, '6936328041026', 'pc', 1, 'TM Stapler T-01017 #10', 'Stapler', 'TM', 'School & Office', '30.00', '0.00', 'Chuyte'),
(42, '8802203001455', 'dz', 12, 'Dong-A My-Gel 0.5mm Sign Pen Black', 'Sign Pen', 'Dong-A', 'School & Office', '222.00', '0.00', 'Chuyte'),
(43, '8802203083659', 'pc', 1, 'Dong-A My-Gel 0.5mm Sign Pen Black', 'Sign Pen', 'Dong-A', 'School & Office', '18.50', '22.00', 'Chuyte'),
(44, '8802203001462', 'dz', 12, 'Dong-A My-Gel 0.5mm Sign Pen Blue', 'Sign Pen', 'Dong-A', 'School & Office', '222.00', '0.00', 'Chuyte'),
(45, '8802203083666', 'pc', 1, 'Dong-A My-Gel 0.5mm Sign Pen Blue', 'Sign Pen', 'Dong-A', 'School & Office', '18.50', '22.00', 'Chuyte'),
(46, '4806502160756', 'pc', 1, 'Tisyu 300-Sheet Toilet Paper (100x100mm)', 'Toilet Paper', 'Tisyu', 'Toiletry', '9.00', '11.00', 'Chuyte'),
(47, '4800096473889', 'pc', 1, 'Good & Cheap 200-Sheet Toilet Paper (98x95mm)', 'Toilet Paper', 'Good & Cheap', 'Toiletry', '7.50', '10.00', 'Chuyte'),
(48, '4806530360678', 'pk', 20, 'TM Glossy Photo Paper A4 (210x297mm)', 'Photo Paper', 'TM', 'School & Office', '60.00', '0.00', 'Chuyte'),
(49, '', 'pc', 1, 'TM Glossy Photo Paper A4 (210x297mm)', 'Photo Paper', 'TM', 'School & Office', '3.00', '4.00', 'Chuyte'),
(50, '4806506318856', 'pk', 8, 'Sisters Night Plus Heavy Flow Napkin (270mm)', 'Feminine Sanitary Pad', 'Sisters', 'Toiletry', '25.00', '0.00', 'Chuyte'),
(51, '', 'pc', 1, 'Sisters Night Plus Heavy Flow Napkin (270mm)', 'Feminine Sanitary Pad', 'Sisters', 'Toiletry', '3.13', '4.00', 'Chuyte'),
(52, '4806506318832', 'pk', 8, 'Sisters Day Maxi Regular Flow Napkin (240mm)', 'Feminine Sanitary Pad', 'Sisters', 'Toiletry', '19.00', '0.00', 'Chuyte'),
(53, '', 'pc', 1, 'Sisters Day Maxi Regular Flow Napkin (240mm)', 'Feminine Sanitary Pad', 'Sisters', 'Toiletry', '2.38', '3.00', 'Chuyte'),
(54, '4902505040788', 'dz', 12, 'Pilot Super Color Marker Pen SC-B Broad Black', 'Marker Pen', 'Pilot', 'School & Office', '936.00', '0.00', 'Chuyte'),
(55, '4902505088179', 'pc', 1, 'Pilot Super Color Marker Pen SC-B Broad Black', 'Marker Pen', 'Pilot', 'School & Office', '78.00', '86.00', 'Chuyte'),
(56, '', 'dz', 12, 'Dixon D2378 Permanent Refillable 3mm Marker Pen', 'Marker Pen', 'Dixon', 'School & Office', '108.00', '0.00', 'Chuyte'),
(57, '6954941713007', 'pc', 1, 'Dixon D2378 Permanent Refillable 3mm Marker Pen', 'Marker Pen', 'Dixon', 'School & Office', '9.00', '11.00', 'Chuyte'),
(58, '', 'dz', 12, 'TM Correction Fluid TM149 (15ml)', 'Correction Fluid', 'TM', 'School & Office', '120.00', '0.00', 'Chuyte'),
(59, '4806530362160', 'pc', 1, 'TM Correction Fluid TM149 (15ml)', 'Correction Fluid', 'TM', 'School & Office', '10.00', '13.00', 'Chuyte'),
(60, '4806523080002', 'sbx', 1, 'Max Staples No.10-1M 1000 staples (5mm)', 'Staple Wire', 'Max', 'School & Office', '5.00', '7.00', 'Chuyte'),
(61, '', 'pc', 1, 'MGK Ruler 12"', 'Ruler', 'MGK', 'School & Office', '3.50', '5.00', 'Chuyte'),
(62, '', 'pk', 100, 'Index Card 5x8"', 'Index Card', '', 'School & Office', '45.00', '0.00', 'Chuyte'),
(63, '', 'pc', 1, 'Index Card 5x8"', 'Index Card', '', 'School & Office', '0.45', '1.00', 'Chuyte'),
(64, '', 'pc', 1, 'White Mug', 'Mug', '', 'Household', '24.00', '0.00', 'Chuyte'),
(65, '6970431420026', 'crd', 12, 'Shenling Padlock (25mm)', 'Padlock', 'Shenling', 'Hardware', '264.00', '0.00', 'Chuyte'),
(66, '', 'pc', 1, 'Shenling Padlock (25mm)', 'Padlock', 'Shenling', 'Hardware', '22.00', '29.00', 'Chuyte'),
(67, '', 'tie', 6, 'Rejoice Shampoo Perfume Fresh Sachet (16ml)', 'Shampoo', 'Rejoice', 'Toiletry', '30.00', '0.00', 'Chuyte'),
(68, '4902430775878', 'pc', 1, 'Rejoice Shampoo Perfume Fresh Sachet (16ml)', 'Shampoo', 'Rejoice', 'Toiletry', '5.00', '7.00', 'Chuyte'),
(69, '', 'tie', 7, 'Rejoice Shampoo Rich Soft Smooth Sachet (13ml)', 'Shampoo', 'Rejoice', 'Toiletry', '25.00', '0.00', 'Chuyte'),
(70, '4902430822909', 'pc', 1, 'Rejoice Shampoo Rich Soft Smooth Sachet (13ml)', 'Shampoo', 'Rejoice', 'Toiletry', '3.57', '5.00', 'Chuyte'),
(71, '4800888139283', 'pc', 1, 'Creamsilk Conditioner Hairfall Defense Sachet (11ml)', 'Conditioner', 'Creamsilk', 'Toiletry', '5.75', '7.00', 'Chuyte'),
(72, '4902430934800', 'pc', 1, 'Safeguard Soap Pure White 135g', 'Bath Soap', 'Safeguard', 'Toiletry', '42.00', '50.00', 'Chuyte'),
(73, '4902430495042', 'pc', 1, 'Safeguard Soap Classic Beige 90g', 'Bath Soap', 'Safeguard', 'Toiletry', '30.00', '36.00', 'Chuyte'),
(74, '4902430441902', 'crd', 6, 'Gillette Rubie Double-Blade Long Handle Shaver (Yellow)', 'Shaver', 'Gillette', 'Toiletry', '132.00', '0.00', 'Chuyte'),
(75, '', 'pc', 1, 'Gillette Rubie Double-Blade Long Handle Shaver (Yellow)', 'Shaver', 'Gillette', 'Toiletry', '22.00', '25.00', 'Chuyte'),
(76, '', 'tie', 6, 'Closeup Ever Fresh Twin Pack Gel Toothpaste Sachet Red Hot (2x10g)', 'Toothpaste', 'Closeup', 'Toiletry', '35.00', '42.00', 'Chuyte'),
(77, '4800888147288', 'pc', 1, 'Closeup Ever Fresh Twin Pack Gel Toothpaste Sachet Red Hot (2x10g)', 'Toothpaste', 'Closeup', 'Toiletry', '5.83', '7.00', 'Chuyte'),
(78, '8850006321133', 'pc', 1, 'Colgate Maximum Cavity Protection Great Regular Flavor (25ml 37g)', 'Toothpaste', 'Colgate', 'Toiletry', '23.00', '28.00', 'Chuyte'),
(79, '4801010194002', 'bx', 50, 'Band-Aid Anti-Septic Adhesive Bandages', 'Medical Plaster', 'Band-Aid', 'Personal Hygiene', '65.00', '0.00', 'Chuyte'),
(80, '', 'pc', 1, 'Band-Aid Anti-Septic Adhesive Bandages', 'Medical Plaster', 'Band-Aid', 'Personal Hygiene', '1.30', '2.00', 'Chuyte'),
(81, '', 'dz', 12, 'Joy Complete Clean Kalamansi Dishwashing Liquid (20ml)', 'Dish Detergent', 'Joy', 'Toiletry', '0.00', '0.00', 'Chuyte'),
(82, '4902430434393', 'pc', 1, 'Joy Complete Clean Kalamansi Dishwashing Liquid (20ml)', 'Dish Detergent', 'Joy', 'Toiletry', '5.00', '7.00', 'Chuyte'),
(83, '', 'dz', 12, 'Nails Nail Polish Remover w/ Acetone (30ml)', 'Nail Polish Remover', 'Nails', 'Personal Hygiene', '57.00', '0.00', 'Chuyte'),
(84, '4800147310477', 'pc', 1, 'Nails Nail Polish Remover w/ Acetone (30ml)', 'Nail Polish Remover', 'Nails', 'Personal Hygiene', '4.75', '6.00', 'Chuyte'),
(85, '48031547', 'pc', 1, 'Efficascent Oil Regular (25ml)', 'Liniment', 'Efficascent', 'Galenical', '28.00', '34.00', 'Chuyte'),
(86, '48035156', 'pc', 1, 'Efficascent Oil Extra Strength (25ml)', 'Liniment', 'Efficascent', 'Galenical', '33.00', '39.00', 'Chuyte'),
(87, '4801010104100', 'pc', 1, 'Johnson\'s Baby Powder Milk+Rice (50g)', 'Baby Powder', 'Johnson\'s', 'Personal Hygiene', '24.25', '29.00', 'Chuyte'),
(88, '48032742', 'pc', 1, 'Johnson\'s Baby Powder White (25g)', 'Baby Powder', 'Johnson\'s', 'Personal Hygiene', '14.00', '17.00', 'Chuyte'),
(89, '3022014800019', 'crd', 12, 'MGK Scissors 5" M19005', 'Scissors', 'MGK', 'School & Office', '156.00', '0.00', 'Chuyte'),
(90, '', 'pc', 1, 'MGK Scissors 5" M19005', 'Scissors', 'MGK', 'School & Office', '13.00', '16.00', 'Chuyte'),
(91, '3800138233113', 'crd', 12, 'Cutter Knife (Big)', 'Box Cutter', '', 'School & Office', '96.00', '0.00', 'Chuyte'),
(92, '', 'pc', 1, 'Cutter Knife (Big)', 'Box Cutter', '', 'School & Office', '8.00', '10.00', 'Chuyte'),
(93, '6920805678287', 'crd', 12, 'Art Designing Knives Cutter (Small)', 'Box Cutter', '', 'School & Office', '54.00', '0.00', 'Chuyte'),
(94, '', 'pc', 1, 'Art Designing Knives Cutter (Small)', 'Box Cutter', '', 'School & Office', '4.50', '6.00', 'Chuyte'),
(95, '4800047820250', 'pc', 1, 'Green Cross 70% Solution Antiseptic Disinfectant Isopropyl Alcohol (60ml)', 'Alcohol', 'Green Cross', 'Toiletry', '17.00', '20.00', 'Chuyte'),
(96, '4800047820243', 'pc', 1, 'Green Cross 70% Solution Antiseptic Disinfectant Isopropyl Alcohol (150ml)', 'Alcohol', 'Green Cross', 'Toiletry', '29.25', '35.00', 'Chuyte'),
(97, '4800011120614', 'pc', 1, 'Casino 70% Solution Active Ethyl Alcohol Triclosan (150ml)', 'Alcohol', 'Casino', 'Toiletry', '29.50', '35.00', 'Chuyte'),
(98, '', 'dz', 12, 'Sliding Plastic Folder Short', 'Folder', '', 'School & Office', '54.00', '0.00', 'Chuyte'),
(99, '', 'pc', 1, 'Sliding Plastic Folder Short', 'Folder', '', 'School & Office', '4.50', '6.00', 'Chuyte'),
(100, '', 'dz', 12, 'Sliding Plastic Folder Long', 'Folder', '', 'School & Office', '66.00', '0.00', 'Chuyte'),
(101, '', 'pc', 1, 'Sliding Plastic Folder Long', 'Folder', '', 'School & Office', '5.50', '7.00', 'Chuyte'),
(102, '', 'rm', 100, 'Folder Long (14pts)', 'Folder', '', 'School & Office', '450.00', '0.00', 'Chuyte'),
(103, '', 'pc', 1, 'Folder Long (14pts)', 'Folder', '', 'School & Office', '5.00', '7.00', 'Chuyte'),
(104, '', 'rm', 100, 'Folder Short (14pts)', 'Folder', '', 'School & Office', '400.00', '0.00', 'Chuyte'),
(105, '', 'pc', 1, 'Folder Short (14pts)', 'Folder', '', 'School & Office', '4.50', '6.00', 'Chuyte'),
(106, '', 'pc', 1, 'Doormat Cloth', 'Doormat', '', 'Household', '30.00', '0.00', 'Chuyte'),
(107, '', 'rm', 20, 'Hapi 1/2 Crosswise Pad', 'Intermediate Pad Paper', 'Hapi', 'School & Office', '120.00', '0.00', 'Chuyte'),
(108, '', 'pad', 1, 'Hapi 1/2 Crosswise Pad', 'Intermediate Pad Paper', 'Hapi', 'School & Office', '6.00', '8.00', 'Chuyte'),
(109, '', 'rm', 20, 'Hapi 1/2 Lengthwise 50 Leaves Quiz Pad (100x250mm)', 'Intermediate Pad Paper', 'Hapi', 'School & Office', '120.00', '0.00', 'Chuyte'),
(110, '4806508030541', 'pad', 1, 'Hapi 1/2 Lengthwise 50 Leaves Quiz Pad (100x250mm)', 'Intermediate Pad Paper', 'Hapi', 'School & Office', '6.00', '8.00', 'Chuyte'),
(111, '', 'rm', 10, 'Premiere 1/2 Crosswise 80 Leaves Quiz Pad (200x125mm)', 'Intermediate Pad Paper', 'Premiere', 'School & Office', '120.00', '0.00', 'Chuyte'),
(112, '4806503872450', 'pad', 1, 'Premiere 1/2 Crosswise 80 Leaves Quiz Pad (200x125mm)', 'Intermediate Pad Paper', 'Premiere', 'School & Office', '12.00', '15.00', 'Chuyte'),
(113, '', 'rm', 10, 'Premiere 1/2 Lengthwise Quiz Pad', 'Intermediate Pad Paper', 'Premiere', 'School & Office', '120.00', '0.00', 'Chuyte'),
(114, '', 'pad', 1, 'Premiere 1/2 Lengthwise Quiz Pad', 'Intermediate Pad Paper', 'Premiere', 'School & Office', '12.00', '15.00', 'Chuyte'),
(115, '', 'pk', 10, 'Pixel Neon Notes', 'Notebook', 'Pixel', 'School & Office', '60.00', '0.00', 'Chuyte'),
(116, '4806508030008', 'pc', 1, 'Daily Pocket Notes', 'Notebook', 'Pixel', 'School & Office', '5.00', '7.00', 'Chuyte'),
(117, '', 'rm', 20, 'Hapi 1/4 50 Leaves Quiz Pad (100x125mm)', 'Intermediate Pad Paper', 'Hapi', 'School & Office', '60.00', '0.00', 'Chuyte'),
(118, '4806508030558', 'pad', 1, 'Hapi 1/4 50 Leaves Quiz Pad (100x125mm)', 'Intermediate Pad Paper', 'Hapi', 'School & Office', '3.00', '4.00', 'Chuyte'),
(119, '8802103994053', 'pk', 1, 'Dove 3in1 Facial Cleansing Wipes (25w)', 'Wet wipe', 'Dove', 'Toiletry', '20.00', '25.00', 'Chuyte'),
(120, '', 'rm', 10, 'Jumbo Intermediate Pad 80 Leaves (200x250mm)', 'Intermediate Pad Paper', 'Jumbo', 'School & Office', '150.00', '0.00', 'Chuyte'),
(121, '4806514413390', 'pad', 1, 'Jumbo Intermediate Pad 80 Leaves (200x250mm)', 'Intermediate Pad Paper', 'Jumbo', 'School & Office', '15.00', '18.00', 'Chuyte'),
(122, '', 'pc', 1, 'Glue Gun Glue Stick (Big)', 'Glue Stick', '', 'School & Office', '6.00', '8.00', 'Chuyte'),
(123, '', 'pc', 1, 'Armak Double-Sided Tape 1/2"', 'Double-Sided Tape', 'Armak', 'School & Office', '12.00', '15.00', 'Chuyte'),
(124, '', 'pc', 1, 'Masking Tape 3/4"', 'Paper Adhesive Tape', '', 'School & Office', '12.00', '15.00', 'Chuyte'),
(125, '', 'pc', 1, 'Armak Scotch Tape 1"', 'Adhesive Tape', 'Armak', 'School & Office', '12.00', '15.00', 'Chuyte'),
(126, '', 'dz', 12, 'Armak Scotch Tape 1/2"', 'Adhesive Tape', 'Armak', 'School & Office', '24.00', '0.00', 'Chuyte'),
(127, '', 'pc', 1, 'Armak Scotch Tape 1/2"', 'Adhesive Tape', 'Armak', 'School & Office', '2.00', '3.00', 'Chuyte'),
(128, '4806030300617', 'jar', 25, 'HBW 3000 Retractable Oil Base Gel Pen Black (0.7mm)', 'Ballpen', 'HBW', 'School & Office', '100.00', '0.00', 'Chuyte'),
(129, '', 'pc', 1, 'HBW 3000 Retractable Oil Base Gel Pen Black (0.7mm)', 'Ballpen', 'HBW', 'School & Office', '4.00', '6.00', 'Chuyte'),
(130, '4806030300624', 'jar', 25, 'HBW 3000 Retractable Oil Base Gel Pen Blue (0.7mm)', 'Ballpen', 'HBW', 'School & Office', '100.00', '0.00', 'Chuyte'),
(131, '', 'pc', 1, 'HBW 3000 Retractable Oil Base Gel Pen Blue (0.7mm)', 'Ballpen', 'HBW', 'School & Office', '4.00', '6.00', 'Chuyte'),
(132, '', 'sbx', 1, 'Mitsuya Thumbtacks', 'Thumbtack', 'Mitsuya', 'School & Office', '10.00', '13.00', 'Chuyte'),
(133, '4809012371001', 'sbx', 1, 'Mitsuko Thumbtacks No.111', 'Thumbtack', 'Mitsuko', 'School & Office', '7.50', '10.00', 'Chuyte'),
(134, '', 'pc', 1, 'Clearbook (Long)', 'Clearbook', '', 'School & Office', '33.00', '40.00', 'Chuyte'),
(135, '', 'pc', 1, 'Clearbook (Short)', 'Clearbook', '', 'School & Office', '30.00', '36.00', 'Chuyte'),
(136, '', 'pk', 30, 'Ponytail Hair Tie', 'Hair Tie', 'Ponytail', 'Personal Accessory', '54.00', '0.00', 'Chuyte'),
(137, '', 'pc', 1, 'Ponytail Hair Tie', 'Hair Tie', 'Ponytail', 'Personal Accessory', '1.80', '3.00', 'Chuyte'),
(138, '6932177474213', 'pc', 1, 'TM Calculator TM-12 Digits', 'Calculator', 'TM', 'School & Office', '130.00', '0.00', 'Chuyte'),
(139, '6928394900659', 'crd', 4, 'Kingever Extra Heavy Duty R6 1.5V AA Battery', 'Battery', 'Kingever', 'Electronics', '10.00', '13.00', 'Chuyte'),
(140, '', 'pc', 1, 'Kingever Extra Heavy Duty R6 1.5V AA Battery', 'Battery', 'Kingever', 'Electronics', '2.50', '4.00', 'Chuyte'),
(141, '6928394900666', 'crd', 4, 'Kingever Extra Heavy Duty R03 1.5V AAA Battery', 'Battery', 'Kingever', 'Electronics', '10.00', '13.00', 'Chuyte'),
(142, '', 'pc', 1, 'Kingever Extra Heavy Duty R03 1.5V AAA Battery', 'Battery', 'Kingever', 'Electronics', '2.50', '4.00', 'Chuyte'),
(143, '4800045380190', 'pc', 1, 'Shield Soap Sachet Cleansing White (60g)', 'Bath Soap', 'Shield', 'Toiletry', '13.00', '16.00', 'Chuyte'),
(144, '', 'pk', 1, 'Sanicare Regular Cotton Balls (50)', 'Cotton Balls', 'Sanicare', 'Toiletry', '15.00', '17.00', 'Chuyte'),
(145, '4800552051019', 'rm', 250, 'Avia Premium Colored Assorted Construction Paper (8.5x11")', 'Construction Paper', 'Avia', 'School & Office', '170.00', '0.00', 'Chuyte'),
(146, '', 'pc', 1, 'Avia Premium Colored Assorted Construction Paper (8.5x11")', 'Construction Paper', 'Avia', 'School & Office', '0.68', '1.00', 'Chuyte'),
(147, '', 'dz', 12, 'Ariel Sunrise Fresh 10X-Oxyclean Power Detergent Powder Sachet (70g)', 'Detergent', 'Ariel', 'Toiletry', '140.00', '0.00', 'Chuyte'),
(148, '4902430583169', 'pc', 1, 'Ariel Sunrise Fresh 10X-Oxyclean Power Detergent Powder Sachet (70g)', 'Detergent', 'Ariel', 'Toiletry', '11.67', '14.00', 'Chuyte'),
(149, '', 'dz', 12, 'Palmolive Shampoo & Conditioner Sachet Healthy & Smooth (15ml)', 'Shampoo & Conditioner', 'Palmolive', 'Toiletry', '60.00', '0.00', 'Chuyte'),
(150, '8850006493038', 'pc', 1, 'Palmolive Shampoo & Conditioner Sachet Healthy & Smooth (15ml)', 'Shampoo & Conditioner', 'Palmolive', 'Toiletry', '5.00', '7.00', 'Chuyte'),
(151, '', 'dz', 12, 'Palmolive Shampoo & Conditioner Sachet Intensive Moisture (15ml)', 'Shampoo & Conditioner', 'Palmolive', 'Toiletry', '60.00', '0.00', 'Chuyte'),
(152, '8850006493014', 'pc', 1, 'Palmolive Shampoo & Conditioner Sachet Intensive Moisture (15ml)', 'Shampoo & Conditioner', 'Palmolive', 'Toiletry', '5.00', '7.00', 'Chuyte'),
(153, '', 'dz', 12, 'Creamsilk Conditioner Standout Straight Sachet (12ml)', 'Conditioner', 'Creamsilk', 'Toiletry', '68.00', '0.00', 'Chuyte'),
(154, '4800888139306', 'pc', 1, 'Creamsilk Conditioner Standout Straight Sachet (12ml)', 'Conditioner', 'Creamsilk', 'Toiletry', '5.67', '7.00', 'Chuyte'),
(155, '', 'dz', 12, 'Surf w/ Fabcon Sun Fresh Detergent Powder Sachet (57g)', 'Detergent', 'Surf', 'Toiletry', '63.00', '0.00', 'Chuyte'),
(156, '4800888151841', 'pc', 1, 'Surf w/ Fabcon Sun Fresh Detergent Powder Sachet (57g)', 'Detergent', 'Surf', 'Toiletry', '5.25', '7.00', 'Chuyte'),
(157, '', 'dz', 12, 'Surf w/ Fabcon Cherry Blossom Detergent Powder Sachet (50g)', 'Detergent', 'Surf', 'Toiletry', '63.00', '0.00', 'Chuyte'),
(158, '4800888189806', 'pc', 1, 'Surf w/ Fabcon Cherry Blossom Detergent Powder Sachet (50g)', 'Detergent', 'Surf', 'Toiletry', '5.25', '7.00', 'Chuyte'),
(159, '4800888136749', 'bar', 4, 'Surf Oxybubbles Kalamansi Detergent Bar (380g)', 'Detergent', 'Surf', 'Toiletry', '21.50', '0.00', 'Chuyte'),
(160, '', 'cut', 1, 'Surf Oxybubbles Kalamansi Detergent Bar (380g)', 'Detergent', 'Surf', 'Toiletry', '5.38', '7.00', 'Chuyte'),
(161, '4902430278119', 'bar', 4, 'TideUltra Original Scent Detergent Bar (380g)', 'Detergent', 'Tide', 'Toiletry', '21.00', '0.00', 'Chuyte'),
(162, '', 'cut', 1, 'TideUltra Original Scent Detergent Bar (380g)', 'Detergent', 'Tide', 'Toiletry', '5.25', '7.00', 'Chuyte'),
(163, '', 'pc', 1, 'Triangle 4pcs Combo Set 9307-10', 'Trigo School Supplies', '', 'School & Office', '20.00', '25.00', 'Chuyte'),
(164, '', 'pc', 1, 'Illustration Board 1/8', 'Illustration Board', '', 'School & Office', '4.50', '6.00', 'Chuyte'),
(165, '', 'pc', 1, 'Illustration Board 1/4', 'Illustration Board', '', 'School & Office', '9.00', '12.00', 'Chuyte'),
(166, '', 'pc', 1, 'Illustration Board 1/2', 'Illustration Board', '', 'School & Office', '18.00', '22.00', 'Chuyte'),
(167, '', 'dz', 12, 'Easy White Multi-Purpose Glue 40g (Small)', 'Multi-Purpose Glue', 'Easy', 'School & Office', '96.00', '0.00', 'Chuyte'),
(168, '4620171010378', 'pc', 1, 'Easy White Multi-Purpose Glue 40g (Small)', 'Multi-Purpose Glue', 'Easy', 'School & Office', '8.00', '10.00', 'Chuyte'),
(169, '', 'pc', 1, 'Armak Brown Packing Tape (Thin 2")', 'Packing Tape', 'Armak', 'School & Office', '8.00', '10.00', 'Chuyte'),
(170, '', 'pc', 1, 'TM Protractor (Big)', 'Protractor', 'TM', 'School & Office', '3.50', '5.00', 'Chuyte'),
(171, '6936328010022', 'bx', 50, 'TM Paper Fastener T-20601-D', 'Paper Fastener', 'TM', 'School & Office', '28.00', '0.00', 'Chuyte'),
(172, '', 'set', 1, 'TM Paper Fastener T-20601-D', 'Paper Fastener', 'TM', 'School & Office', '0.56', '1.00', 'Chuyte'),
(173, '', 'pk', 50, 'MGK Push Pin M30001-50', 'Push Pin', 'MGK', 'School & Office', '15.00', '18.00', 'Chuyte'),
(174, '4806018680083', 'pk', 50, 'Crown Hi-Quality B-007 Map Pins Assorted Colors', 'Map Pin', 'Crown', 'School & Office', '15.00', '18.00', 'Chuyte'),
(175, '', 'pc', 1, 'Brown Envelope Long', 'Brown Envelope', '', 'School & Office', '1.50', '4.00', 'Chuyte'),
(176, '', 'pc', 1, 'Brown Envelope Short', 'Brown Envelope', '', 'School & Office', '1.20', '3.00', 'Chuyte'),
(177, '', 'pc', 1, 'Plastic Envelope Long', 'Plastic Envelope', '', 'School & Office', '7.00', '10.00', 'Chuyte'),
(178, '', 'pc', 1, 'Sesno Correction Tape PS-06 (5mm)', 'Correction Tape', 'Sesno', 'School & Office', '23.00', '28.00', 'Chuyte'),
(179, '4806515986619', 'pc', 1, 'Electro Pure Tawas Powder (Red)', 'Alum', 'Electro', 'Toiletry', '8.00', '10.00', 'Chuyte'),
(180, '4806515987715', 'pc', 1, 'Electro Tawas w/ Scent Powder (Yellow)', 'Alum', 'Electro', 'Toiletry', '10.00', '12.00', 'Chuyte'),
(181, '', 'pc', 1, 'Manila Paper', 'Manila Paper', '', 'School & Office', '4.00', '6.00', 'Chuyte'),
(182, '4806502143339', 'rm', 500, 'Copyone 20 Kleencut Advantage Multi-Purpose Paper A4', 'Bond Paper', 'Copyone', 'School & Office', '185.00', '0.00', 'Chuyte'),
(183, '', 'pc', 1, 'Copyone 20 Kleencut Advantage Multi-Purpose Paper A4', 'Bond Paper', 'Copyone', 'School & Office', '0.37', '1.00', 'Chuyte'),
(184, '4806502143315', 'rm', 500, 'Copyone 20 Kleencut Advantage Multi-Purpose Paper Legal (8.5x13")', 'Bond Paper', 'Copyone', 'School & Office', '210.00', '0.00', 'Chuyte'),
(185, '', 'pc', 1, 'Copyone 20 Kleencut Advantage Multi-Purpose Paper Legal (8.5x13")', 'Bond Paper', 'Copyone', 'School & Office', '0.42', '1.00', 'Chuyte'),
(186, '4806502143308', 'rm', 500, 'Copyone 20 Kleencut Advantage Multi-Purpose Paper Letter (8.5x11")', 'Bond Paper', 'Copyone', 'School & Office', '180.00', '0.00', 'Chuyte'),
(187, '', 'pc', 1, 'Copyone 20 Kleencut Advantage Multi-Purpose Paper Letter (8.5x11")', 'Bond Paper', 'Copyone', 'School & Office', '0.36', '1.00', 'Chuyte'),
(188, '', 'pc', 1, 'Display Screen Small', 'Mesh Wire Display', '', 'Hardware', '160.00', '0.00', 'Chuyte'),
(189, '', 'pc', 1, 'Uno Plastic Chair', 'Plastic Chair', 'Uno', 'Household', '360.00', '0.00', 'Chuyte'),
(190, '', 'pc', 1, 'Cofta Plastic Table 24x24"', 'Plastic Table', 'Cofta', 'Household', '1200.00', '0.00', 'Chuyte'),
(191, '', 'dz', 12, 'Mongol #2 Pencil', 'Pencil', 'Mongol', 'School & Office', '75.00', '0.00', 'Chuyte'),
(192, '', 'pc', 1, 'Mongol #2 Pencil', 'Pencil', 'Mongol', 'School & Office', '6.25', '8.00', 'Chuyte'),
(193, '', 'dz', 12, 'Prime Excel Ballpen Black', 'Ballpen', 'Prime', 'School & Office', '48.00', '0.00', 'Chuyte'),
(194, '', 'pc', 1, 'Prime Excel Ballpen Black', 'Ballpen', 'Prime', 'School & Office', '4.00', '6.00', 'Chuyte'),
(195, '', 'dz', 12, 'Prime Excel Ballpen Blue', 'Ballpen', 'Prime', 'School & Office', '48.00', '0.00', 'Chuyte'),
(196, '4904810335061', 'pc', 1, 'Prime Excel Ballpen Blue', 'Ballpen', 'Prime', 'School & Office', '4.00', '6.00', 'Chuyte'),
(197, '', 'bx', 25, 'HBW 2020 Ballpen Black', 'Ballpen', 'HBW', 'School & Office', '106.25', '0.00', 'Chuyte'),
(198, '', 'pc', 1, 'HBW 2020 Ballpen Black', 'Ballpen', 'HBW', 'School & Office', '4.25', '6.00', 'Chuyte'),
(199, '', 'rm', 100, 'Cartolina White', 'Cartolina', '', 'School & Office', '500.00', '0.00', 'Chuyte'),
(200, '', 'pc', 1, 'Cartolina White', 'Cartolina', '', 'School & Office', '5.00', '7.00', 'Chuyte'),
(201, '', 'rm', 100, 'Cartolina Color', 'Cartolina', '', 'School & Office', '700.00', '0.00', 'Chuyte'),
(202, '', 'pc', 1, 'Cartolina Color', 'Cartolina', '', 'School & Office', '7.00', '9.00', 'Chuyte'),
(203, '', 'bot', 1, 'Zonrox Bleach Scented Fresh 250ml', 'Bleach', 'Zonrox', 'Toiletry', '13.75', '16.50', 'Hypermart'),
(204, '', 'bot', 1, 'Zonrox Bleach Scented Lemon 250ml', 'Bleach', 'Zonrox', 'Toiletry', '13.75', '16.50', 'Hypermart'),
(205, '', 'bot', 1, 'Zonrox Bleach Scented Flor 250ml', 'Bleach', 'Zonrox', 'Toiletry', '13.50', '16.50', 'Hypermart'),
(206, '', 'bot', 1, 'Zonrox Bleach Color Safe 250ml', 'Bleach', 'Zonrox', 'Toiletry', '20.70', '26.00', 'Conchitas'),
(207, '', 'bot', 1, 'Zonrox Bleach Original 250ml', 'Bleach', 'Zonrox', 'Toiletry', '12.25', '16.00', 'Conchitas'),
(208, '4808888431222', 'bot', 1, 'Palmolive Silky Straight Keratin Shampoo & Conditioner (90ml)', 'Shampoo & Conditioner', 'Palmolive', 'Toiletry', '49.50', '57.00', 'Hypermart'),
(209, '4808888413594', 'bot', 1, 'Palmolive Intensive Moisture Coco Shampoo & Conditioner (90ml)', 'Shampoo & Conditioner', 'Palmolive', 'Toiletry', '49.50', '57.00', 'Hypermart'),
(210, '9556031063268', 'bar', 1, 'Palmolive Naturals Irresistible Softness Soap (80g)', 'Bath Soap', 'Palmolive', 'Toiletry', '21.50', '25.00', 'Hypermart'),
(211, '4902430414418', 'bot', 1, 'Head & Shoulders Cool Menthol Anti Dandruff Shampoo (70ml)', 'Shampoo', 'Head & Shoulder', 'Toiletry', '49.50', '57.00', 'Hypermart'),
(212, '4800888156280', 'bot', 1, 'Sunsilk Co-Creations Strong & Long Shampoo (90ml)', 'Shampoo', 'Sunsilk', 'Toiletry', '49.50', '57.00', 'Hypermart'),
(213, '4800888140852', 'bot', 1, 'Sunsilk Co-Creations Smooth & Manageable Shampoo (90ml)', 'Shampoo', 'Sunsilk', 'Toiletry', '49.50', '57.00', 'Hypermart'),
(214, '8850007372882', 'pk', 16, 'Modess Regular w/ Wings Napkin', 'Feminine Sanitary Pad', 'Modess', 'Toiletry', '70.00', '0.00', 'Hypermart'),
(215, '', 'pc', 1, 'Modess Regular w/ Wings Napkin', 'Feminine Sanitary Pad', 'Modess', 'Toiletry', '4.37', '6.00', 'Hypermart'),
(216, '4808888320106', 'pc', 1, 'Colgate Classic Deep Clean Toothbrush', 'Toothbrush', 'Colgate', 'Toiletry', '12.00', '15.00', 'Hypermart'),
(217, '8998866800761', 'bar', 1, 'Wings Active White Oxy White Technology Detergent Cut Bar (150g)', 'Detergent', 'Wings', 'Toiletry', '7.75', '9.50', 'Hypermart'),
(218, '', 'bot', 1, 'Datu Puti Vinegar Spiced 3', 'Vinegar', 'Datu Puti', 'Food Additive', '33.75', '0.00', 'Hypermart'),
(219, '', 'pc', 1, 'Shine Master Natural Premium Paste Wax (90g)', 'Floor Wax', 'Shine Master', 'Household', '13.00', '16.00', 'Hypermart'),
(220, '4809012222051', 'pk', 20, 'A&B Candle & Wax Esperma No.5', 'Candle', 'A&B', 'Household', '38.00', '0.00', 'Chuyte'),
(221, '', 'pc', 1, 'A&B Candle & Wax Esperma No.5', 'Candle', 'A&B', 'Household', '1.90', '2.50', 'Chuyte'),
(222, '8993242107038', 'rm', 500, 'Copy & Laser High Performance Office Paper (216x279mm)', 'Bond Paper', 'Copy & Laser', 'School & Office', '180.00', '0.00', 'Chuyte'),
(223, '', 'pc', 1, 'Copy & Laser High Performance Office Paper (216x279mm)', 'Bond Paper', 'Copy & Laser', 'School & Office', '0.36', '1.00', 'Chuyte'),
(224, '', 'crd', 10, 'HBS Immuno-C 500mg Capsule Vitamin C', 'Vitamin C', 'HBS', 'Pharmaceutical', '60.00', '0.00', 'Other'),
(225, '', 'pc', 1, 'HBS Immuno-C 500mg Capsule Vitamin C', 'Vitamin C', 'HBS', 'Pharmaceutical', '6.00', '8.00', 'Other'),
(226, '', 'crd', 10, 'Biogesic Paracetamol 500mg Tablet', 'Paracetamol', 'Biogesic', 'Pharmaceutical', '40.00', '0.00', 'Other'),
(227, '', 'pc', 1, 'Biogesic Paracetamol 500mg Tablet', 'Paracetamol', 'Biogesic', 'Pharmaceutical', '4.00', '5.00', 'Other'),
(228, '', 'crd', 10, 'Ponstan Mefenamic Acid 500mg Capsule', 'Mefenamic', 'Ponstan', 'Pharmaceutical', '250.00', '0.00', 'Other'),
(229, '', 'pc', 1, 'Ponstan Mefenamic Acid 500mg Capsule', 'Mefenamic', 'Ponstan', 'Pharmaceutical', '25.00', '30.00', 'Other'),
(230, '', 'crd', 10, 'Neozep Forte 10mg/2mg/500mg Tablet', 'Common Cold Medicine', 'Neozep Forte', 'Pharmaceutical', '50.00', '0.00', 'Other'),
(231, '', 'pc', 1, 'Neozep Forte 10mg/2mg/500mg Tablet', 'Common Cold Medicine', 'Neozep Forte', 'Pharmaceutical', '5.00', '7.00', 'Other'),
(232, '', 'crd', 10, 'Nafarin A', 'Common Cold Medicine', 'Nafarin A', 'Pharmaceutical', '0.00', '0.00', 'Other'),
(233, '', 'pc', 1, 'Nafarin A', 'Common Cold Medicine', 'Nafarin A', 'Pharmaceutical', '0.00', '0.00', 'Other'),
(234, '', 'pc', 1, 'Rexona Natural Whitening Fresh Rose Deo-Lotion 48hr (4ml)', 'Deodorant', 'Rexona', 'Toiletry', '8.00', '10.00', 'Other'),
(235, '', 'rm', 10, 'Yellow Pad', 'Yellow Pad', '', 'School & Office', '220.00', '270.00', 'Chuyte'),
(236, '', 'pd', 10, 'Yellow Pad', 'Yellow Pad', '', 'School & Office', '22.00', '28.00', 'Chuyte'),
(237, '4806524879261', 'pd', 1, 'Megan Quick Notes 3x3" Adhesive Notes (100 sheets)', 'Adhesive Note', 'Megan', 'School & Office', '22.00', '25.00', 'Chuyte'),
(238, '4806508031074', 'pc', 1, 'P1 Spiral Yarn Notebook (148x200mm 80 Leaves)', 'Notebook', '', 'School & Office', '13.00', '17.00', 'Chuyte'),
(239, '4806508030787', 'pc', 1, 'Pixel Notes Writing Notebook (148x200mm 80 Leaves)', 'Notebook', '', 'School & Office', '12.00', '16.00', 'Chuyte'),
(240, '', 'pc', 1, 'Letter Envelope', 'Letter Envelope', '', 'School & Office', '0.20', '1.00', 'Chuyte'),
(241, '', 'pc', 1, 'Mini Envelope', 'Mini Envelope', '', 'School & Office', '0.20', '1.00', 'Chuyte'),
(242, '', 'pc', 1, 'Wild Husky Cut-Size Clear Plastic Cover (Gauge 2.6 13.5"x5m*)', 'Plastic Cover', '', 'School & Office', '28.00', '35.00', 'Chuyte'),
(243, '4902430333597', 'pc', 1, 'Head & Shoulders Cool Menthol Anti Dandruff Shampoo Sashet (12ml)', 'Shampoo', '', 'School & Office', '4.40', '6.00', 'Conchitas'),
(244, '9556031063305', 'pc', 1, 'Palmolive Naturals Pinkish & Glow Soap (115g)', 'Bath Soap', '', 'Toiletry', '29.50', '36.00', 'Conchitas'),
(245, '', 'pc', 1, 'Medicare Antiseptic Plastic Bantam Strips w/ Acrinol', 'Medical Plaster', 'Medicaid', 'Personal Hygiene', '0.35', '1.00', 'Chuyte'),
(246, '', 'dz', 12, 'Nail Clipper No. 003 Nail Cutter', 'Nail Clipper', '', 'Personal Hygiene', '120.00', '0.00', 'Chuyte'),
(247, '', 'pc', 1, 'Nail Clipper No. 003 Nail Cutter', 'Nail Clipper', '', 'Personal Hygiene', '10.00', '15.00', 'Chuyte'),
(248, '6944376800045', 'dz', 12, 'Crown Rubble Plant Shoe Glue High Density No:SJ118', 'Show Glue', 'Crown', 'Hardware', '0.00', '0.00', 'Chuyte'),
(249, '6944376800045', 'pc', 1, 'Crown Rubble Plant Shoe Glue High Density No:SJ118', 'Show Glue', 'Crown', 'Hardware', '5.50', '10.00', 'Chuyte'),
(250, '6944376800045', 'bx', 50, 'LCC 828-B Lighter', 'Show Glue', 'LCC', 'Hardware', '272.50', '0.00', 'Chuyte'),
(251, '6944376800045', 'pc', 1, 'LCC 828-B Lighter', 'Show Glue', 'LCC', 'Hardware', '5.45', '10.00', 'Chuyte');

-- --------------------------------------------------------

--
-- Table structure for table `items_prices`
--

CREATE TABLE `items_prices` (
  `row_id` int(10) UNSIGNED NOT NULL,
  `item_id` int(10) UNSIGNED NOT NULL,
  `unit_price_asofdate` timestamp NOT NULL DEFAULT CURRENT_TIMESTAMP,
  `unit_price` decimal(13,2) NOT NULL,
  `sell_price_asofdate` timestamp NOT NULL DEFAULT CURRENT_TIMESTAMP,
  `sell_price` decimal(13,2) NOT NULL
) ENGINE=InnoDB DEFAULT CHARSET=latin1;

--
-- Dumping data for table `items_prices`
--

INSERT INTO `items_prices` (`row_id`, `item_id`, `unit_price_asofdate`, `unit_price`, `sell_price_asofdate`, `sell_price`) VALUES
(2, 1, '2019-08-31 16:00:00', '0.00', '2019-08-31 16:00:00', '2.00'),
(3, 2, '2019-08-31 16:00:00', '0.00', '2019-08-31 16:00:00', '5.00'),
(4, 3, '2019-08-31 16:00:00', '0.00', '2019-08-31 16:00:00', '10.00'),
(5, 4, '2019-08-31 16:00:00', '0.00', '2019-08-31 16:00:00', '2.00'),
(6, 5, '2019-08-31 16:00:00', '0.00', '2019-08-31 16:00:00', '5.00'),
(7, 6, '2019-08-31 16:00:00', '0.00', '2019-08-31 16:00:00', '10.00'),
(8, 7, '2019-08-31 16:00:00', '0.00', '2019-08-31 16:00:00', '8.00'),
(9, 8, '2019-08-31 16:00:00', '0.01', '2019-08-31 16:00:00', '0.01'),
(10, 9, '2019-08-31 16:00:00', '0.25', '2019-08-31 16:00:00', '0.25'),
(11, 10, '2019-08-31 16:00:00', '0.50', '2019-08-31 16:00:00', '0.50'),
(12, 11, '2019-08-31 16:00:00', '1.00', '2019-08-31 16:00:00', '1.00'),
(13, 12, '2019-08-31 16:00:00', '9.00', '2019-08-31 16:00:00', '9.00'),
(14, 13, '2019-08-31 16:00:00', '9.50', '2019-08-31 16:00:00', '9.50'),
(15, 14, '2019-08-31 16:00:00', '18.00', '2019-08-31 16:00:00', '18.00'),
(16, 15, '2019-08-31 16:00:00', '19.00', '2019-08-31 16:00:00', '19.00'),
(17, 16, '2019-08-31 16:00:00', '27.00', '2019-08-31 16:00:00', '27.00'),
(18, 17, '2019-08-31 16:00:00', '28.50', '2019-08-31 16:00:00', '28.50'),
(19, 18, '2019-08-31 16:00:00', '45.00', '2019-08-31 16:00:00', '45.00'),
(20, 19, '2019-08-31 16:00:00', '47.50', '2019-08-31 16:00:00', '47.50'),
(21, 20, '2019-08-31 16:00:00', '90.00', '2019-08-31 16:00:00', '90.00'),
(22, 21, '2019-08-31 16:00:00', '95.00', '2019-08-31 16:00:00', '95.00'),
(23, 22, '2019-08-31 16:00:00', '0.00', '2019-08-31 16:00:00', '4.00'),
(24, 23, '2019-08-31 16:00:00', '0.00', '2019-08-31 16:00:00', '10.00'),
(25, 24, '2019-08-31 16:00:00', '0.00', '2019-08-31 16:00:00', '5.00'),
(26, 25, '2019-08-31 16:00:00', '0.00', '2019-08-31 16:00:00', '5.00'),
(27, 30, '2019-08-31 16:00:00', '70.00', '2019-08-31 16:00:00', '0.00'),
(28, 31, '2019-08-31 16:00:00', '66.00', '2019-08-31 16:00:00', '0.00'),
(29, 32, '2019-08-31 16:00:00', '5.50', '2019-08-31 16:00:00', '7.00'),
(30, 33, '2019-08-31 16:00:00', '40.00', '2019-08-31 16:00:00', '0.00'),
(31, 34, '2019-08-31 16:00:00', '3.33', '2019-08-31 16:00:00', '4.50'),
(32, 35, '2019-08-31 16:00:00', '25.00', '2019-08-31 16:00:00', '0.00'),
(33, 36, '2019-08-31 16:00:00', '2.08', '2019-08-31 16:00:00', '3.00'),
(34, 37, '2019-08-31 16:00:00', '20.00', '2019-08-31 16:00:00', '0.00'),
(35, 38, '2019-08-31 16:00:00', '0.20', '2019-08-31 16:00:00', '0.50'),
(36, 39, '2019-08-31 16:00:00', '10.00', '2019-08-31 16:00:00', '0.00'),
(37, 40, '2019-08-31 16:00:00', '0.10', '2019-08-31 16:00:00', '0.25'),
(38, 41, '2019-08-31 16:00:00', '30.00', '2019-08-31 16:00:00', '0.00'),
(39, 42, '2019-08-31 16:00:00', '222.00', '2019-08-31 16:00:00', '0.00'),
(40, 43, '2019-08-31 16:00:00', '18.50', '2019-08-31 16:00:00', '22.00'),
(41, 44, '2019-08-31 16:00:00', '222.00', '2019-08-31 16:00:00', '0.00'),
(42, 45, '2019-08-31 16:00:00', '18.50', '2019-08-31 16:00:00', '22.00'),
(43, 46, '2019-08-31 16:00:00', '9.00', '2019-08-31 16:00:00', '11.00'),
(44, 47, '2019-08-31 16:00:00', '7.50', '2019-08-31 16:00:00', '10.00'),
(45, 48, '2019-08-31 16:00:00', '60.00', '2019-08-31 16:00:00', '0.00'),
(46, 49, '2019-08-31 16:00:00', '3.00', '2019-08-31 16:00:00', '4.00'),
(47, 50, '2019-08-31 16:00:00', '25.00', '2019-08-31 16:00:00', '0.00'),
(48, 51, '2019-08-31 16:00:00', '3.13', '2019-08-31 16:00:00', '4.00'),
(49, 52, '2019-08-31 16:00:00', '19.00', '2019-08-31 16:00:00', '0.00'),
(50, 53, '2019-08-31 16:00:00', '2.38', '2019-08-31 16:00:00', '3.00'),
(51, 54, '2019-08-31 16:00:00', '936.00', '2019-08-31 16:00:00', '0.00'),
(52, 55, '2019-08-31 16:00:00', '78.00', '2019-08-31 16:00:00', '86.00'),
(53, 56, '2019-08-31 16:00:00', '108.00', '2019-08-31 16:00:00', '0.00'),
(54, 57, '2019-08-31 16:00:00', '9.00', '2019-08-31 16:00:00', '11.00'),
(55, 58, '2019-08-31 16:00:00', '120.00', '2019-08-31 16:00:00', '0.00'),
(56, 59, '2019-08-31 16:00:00', '10.00', '2019-08-31 16:00:00', '13.00'),
(57, 60, '2019-08-31 16:00:00', '5.00', '2019-08-31 16:00:00', '7.00'),
(58, 61, '2019-08-31 16:00:00', '3.50', '2019-08-31 16:00:00', '5.00'),
(59, 62, '2019-08-31 16:00:00', '45.00', '2019-08-31 16:00:00', '0.00'),
(60, 63, '2019-08-31 16:00:00', '0.45', '2019-08-31 16:00:00', '1.00'),
(61, 64, '2019-08-31 16:00:00', '24.00', '2019-08-31 16:00:00', '0.00'),
(62, 65, '2019-08-31 16:00:00', '264.00', '2019-08-31 16:00:00', '0.00'),
(63, 66, '2019-08-31 16:00:00', '22.00', '2019-08-31 16:00:00', '29.00'),
(64, 67, '2019-08-31 16:00:00', '30.00', '2019-08-31 16:00:00', '0.00'),
(65, 68, '2019-08-31 16:00:00', '5.00', '2019-08-31 16:00:00', '7.00'),
(66, 69, '2019-08-31 16:00:00', '25.00', '2019-08-31 16:00:00', '0.00'),
(67, 70, '2019-08-31 16:00:00', '3.57', '2019-08-31 16:00:00', '5.00'),
(68, 71, '2019-08-31 16:00:00', '5.75', '2019-08-31 16:00:00', '7.00'),
(69, 72, '2019-08-31 16:00:00', '42.00', '2019-08-31 16:00:00', '50.00'),
(70, 73, '2019-08-31 16:00:00', '30.00', '2019-08-31 16:00:00', '36.00'),
(71, 74, '2019-08-31 16:00:00', '132.00', '2019-08-31 16:00:00', '0.00'),
(72, 75, '2019-08-31 16:00:00', '22.00', '2019-08-31 16:00:00', '25.00'),
(73, 76, '2019-08-31 16:00:00', '35.00', '2019-08-31 16:00:00', '42.00'),
(74, 77, '2019-08-31 16:00:00', '5.83', '2019-08-31 16:00:00', '7.00'),
(75, 78, '2019-08-31 16:00:00', '23.00', '2019-08-31 16:00:00', '28.00'),
(76, 79, '2019-08-31 16:00:00', '65.00', '2019-08-31 16:00:00', '0.00'),
(77, 80, '2019-08-31 16:00:00', '1.30', '2019-08-31 16:00:00', '2.00'),
(78, 81, '2019-08-31 16:00:00', '0.00', '2019-08-31 16:00:00', '0.00'),
(79, 82, '2019-08-31 16:00:00', '5.00', '2019-08-31 16:00:00', '7.00'),
(80, 83, '2019-08-31 16:00:00', '57.00', '2019-08-31 16:00:00', '0.00'),
(81, 84, '2019-08-31 16:00:00', '4.75', '2019-08-31 16:00:00', '6.00'),
(82, 85, '2019-08-31 16:00:00', '28.00', '2019-08-31 16:00:00', '34.00'),
(83, 86, '2019-08-31 16:00:00', '33.00', '2019-08-31 16:00:00', '39.00'),
(84, 87, '2019-08-31 16:00:00', '24.25', '2019-08-31 16:00:00', '29.00'),
(85, 88, '2019-08-31 16:00:00', '14.00', '2019-08-31 16:00:00', '17.00'),
(86, 89, '2019-08-31 16:00:00', '156.00', '2019-08-31 16:00:00', '0.00'),
(87, 90, '2019-08-31 16:00:00', '13.00', '2019-08-31 16:00:00', '16.00'),
(88, 91, '2019-08-31 16:00:00', '96.00', '2019-08-31 16:00:00', '0.00'),
(89, 92, '2019-08-31 16:00:00', '8.00', '2019-08-31 16:00:00', '10.00'),
(90, 93, '2019-08-31 16:00:00', '54.00', '2019-08-31 16:00:00', '0.00'),
(91, 94, '2019-08-31 16:00:00', '4.50', '2019-08-31 16:00:00', '6.00'),
(92, 95, '2019-08-31 16:00:00', '17.00', '2019-08-31 16:00:00', '20.00'),
(93, 96, '2019-08-31 16:00:00', '29.25', '2019-08-31 16:00:00', '35.00'),
(94, 97, '2019-08-31 16:00:00', '29.50', '2019-08-31 16:00:00', '35.00'),
(95, 98, '2019-08-31 16:00:00', '54.00', '2019-08-31 16:00:00', '0.00'),
(96, 99, '2019-08-31 16:00:00', '4.50', '2019-08-31 16:00:00', '6.00'),
(97, 100, '2019-08-31 16:00:00', '66.00', '2019-08-31 16:00:00', '0.00'),
(98, 101, '2019-08-31 16:00:00', '5.50', '2019-08-31 16:00:00', '7.00'),
(99, 102, '2019-08-31 16:00:00', '450.00', '2019-08-31 16:00:00', '0.00'),
(100, 103, '2019-08-31 16:00:00', '5.00', '2019-08-31 16:00:00', '7.00'),
(101, 104, '2019-08-31 16:00:00', '400.00', '2019-08-31 16:00:00', '0.00'),
(102, 105, '2019-08-31 16:00:00', '4.50', '2019-08-31 16:00:00', '6.00'),
(103, 106, '2019-08-31 16:00:00', '30.00', '2019-08-31 16:00:00', '0.00'),
(104, 107, '2019-08-31 16:00:00', '120.00', '2019-08-31 16:00:00', '0.00'),
(105, 108, '2019-08-31 16:00:00', '6.00', '2019-08-31 16:00:00', '8.00'),
(106, 109, '2019-08-31 16:00:00', '120.00', '2019-08-31 16:00:00', '0.00'),
(107, 110, '2019-08-31 16:00:00', '6.00', '2019-08-31 16:00:00', '8.00'),
(108, 111, '2019-08-31 16:00:00', '120.00', '2019-08-31 16:00:00', '0.00'),
(109, 112, '2019-08-31 16:00:00', '12.00', '2019-08-31 16:00:00', '15.00'),
(110, 113, '2019-08-31 16:00:00', '120.00', '2019-08-31 16:00:00', '0.00'),
(111, 114, '2019-08-31 16:00:00', '12.00', '2019-08-31 16:00:00', '15.00'),
(112, 115, '2019-08-31 16:00:00', '60.00', '2019-08-31 16:00:00', '0.00'),
(113, 116, '2019-08-31 16:00:00', '5.00', '2019-08-31 16:00:00', '7.00'),
(114, 117, '2019-08-31 16:00:00', '60.00', '2019-08-31 16:00:00', '0.00'),
(115, 118, '2019-08-31 16:00:00', '3.00', '2019-08-31 16:00:00', '4.00'),
(116, 119, '2019-08-31 16:00:00', '20.00', '2019-08-31 16:00:00', '25.00'),
(117, 120, '2019-08-31 16:00:00', '150.00', '2019-08-31 16:00:00', '0.00'),
(118, 121, '2019-08-31 16:00:00', '15.00', '2019-08-31 16:00:00', '18.00'),
(119, 122, '2019-08-31 16:00:00', '6.00', '2019-08-31 16:00:00', '8.00'),
(120, 123, '2019-08-31 16:00:00', '12.00', '2019-08-31 16:00:00', '15.00'),
(121, 124, '2019-08-31 16:00:00', '12.00', '2019-08-31 16:00:00', '15.00'),
(122, 125, '2019-08-31 16:00:00', '12.00', '2019-08-31 16:00:00', '15.00'),
(123, 126, '2019-08-31 16:00:00', '24.00', '2019-08-31 16:00:00', '0.00'),
(124, 127, '2019-08-31 16:00:00', '2.00', '2019-08-31 16:00:00', '3.00'),
(125, 128, '2019-08-31 16:00:00', '100.00', '2019-08-31 16:00:00', '0.00'),
(126, 129, '2019-08-31 16:00:00', '4.00', '2019-08-31 16:00:00', '6.00'),
(127, 130, '2019-08-31 16:00:00', '100.00', '2019-08-31 16:00:00', '0.00'),
(128, 131, '2019-08-31 16:00:00', '4.00', '2019-08-31 16:00:00', '6.00'),
(129, 132, '2019-08-31 16:00:00', '10.00', '2019-08-31 16:00:00', '13.00'),
(130, 133, '2019-08-31 16:00:00', '7.50', '2019-08-31 16:00:00', '10.00'),
(131, 134, '2019-08-31 16:00:00', '33.00', '2019-08-31 16:00:00', '40.00'),
(132, 135, '2019-08-31 16:00:00', '30.00', '2019-08-31 16:00:00', '36.00'),
(133, 136, '2019-08-31 16:00:00', '54.00', '2019-08-31 16:00:00', '0.00'),
(134, 137, '2019-08-31 16:00:00', '1.80', '2019-08-31 16:00:00', '3.00'),
(135, 138, '2019-08-31 16:00:00', '130.00', '2019-08-31 16:00:00', '0.00'),
(136, 139, '2019-08-31 16:00:00', '10.00', '2019-08-31 16:00:00', '13.00'),
(137, 140, '2019-08-31 16:00:00', '2.50', '2019-08-31 16:00:00', '4.00'),
(138, 141, '2019-08-31 16:00:00', '10.00', '2019-08-31 16:00:00', '13.00'),
(139, 142, '2019-08-31 16:00:00', '2.50', '2019-08-31 16:00:00', '4.00'),
(140, 143, '2019-08-31 16:00:00', '13.00', '2019-08-31 16:00:00', '16.00'),
(141, 144, '2019-08-31 16:00:00', '15.00', '2019-08-31 16:00:00', '17.00'),
(142, 145, '2019-08-31 16:00:00', '170.00', '2019-08-31 16:00:00', '0.00'),
(143, 146, '2019-08-31 16:00:00', '0.68', '2019-08-31 16:00:00', '1.00'),
(144, 147, '2019-08-31 16:00:00', '140.00', '2019-08-31 16:00:00', '0.00'),
(145, 148, '2019-08-31 16:00:00', '11.67', '2019-08-31 16:00:00', '15.00'),
(146, 149, '2019-08-31 16:00:00', '60.00', '2019-08-31 16:00:00', '0.00'),
(147, 150, '2019-08-31 16:00:00', '5.00', '2019-08-31 16:00:00', '7.00'),
(148, 151, '2019-08-31 16:00:00', '60.00', '2019-08-31 16:00:00', '0.00'),
(149, 152, '2019-08-31 16:00:00', '5.00', '2019-08-31 16:00:00', '7.00'),
(150, 153, '2019-08-31 16:00:00', '68.00', '2019-08-31 16:00:00', '0.00'),
(151, 154, '2019-08-31 16:00:00', '5.67', '2019-08-31 16:00:00', '7.00'),
(152, 155, '2019-08-31 16:00:00', '63.00', '2019-08-31 16:00:00', '0.00'),
(153, 156, '2019-08-31 16:00:00', '5.25', '2019-08-31 16:00:00', '7.00'),
(154, 157, '2019-08-31 16:00:00', '63.00', '2019-08-31 16:00:00', '0.00'),
(155, 158, '2019-08-31 16:00:00', '5.25', '2019-08-31 16:00:00', '7.00'),
(156, 159, '2019-08-31 16:00:00', '21.50', '2019-08-31 16:00:00', '0.00'),
(157, 160, '2019-08-31 16:00:00', '5.38', '2019-08-31 16:00:00', '7.00'),
(158, 161, '2019-08-31 16:00:00', '21.00', '2019-08-31 16:00:00', '0.00'),
(159, 162, '2019-08-31 16:00:00', '5.25', '2019-08-31 16:00:00', '7.00'),
(160, 163, '2019-08-31 16:00:00', '20.00', '2019-08-31 16:00:00', '25.00'),
(161, 164, '2019-08-31 16:00:00', '4.50', '2019-08-31 16:00:00', '6.00'),
(162, 165, '2019-08-31 16:00:00', '9.00', '2019-08-31 16:00:00', '12.00'),
(163, 166, '2019-08-31 16:00:00', '18.00', '2019-08-31 16:00:00', '22.00'),
(164, 167, '2019-08-31 16:00:00', '96.00', '2019-08-31 16:00:00', '0.00'),
(165, 168, '2019-08-31 16:00:00', '8.00', '2019-08-31 16:00:00', '10.00'),
(166, 169, '2019-08-31 16:00:00', '8.00', '2019-08-31 16:00:00', '10.00'),
(167, 170, '2019-08-31 16:00:00', '3.50', '2019-08-31 16:00:00', '5.00'),
(168, 171, '2019-08-31 16:00:00', '28.00', '2019-08-31 16:00:00', '0.00'),
(169, 172, '2019-08-31 16:00:00', '0.56', '2019-08-31 16:00:00', '1.00'),
(170, 173, '2019-08-31 16:00:00', '15.00', '2019-08-31 16:00:00', '18.00'),
(171, 174, '2019-08-31 16:00:00', '15.00', '2019-08-31 16:00:00', '18.00'),
(172, 175, '2019-08-31 16:00:00', '1.50', '2019-08-31 16:00:00', '4.00'),
(173, 176, '2019-08-31 16:00:00', '1.20', '2019-08-31 16:00:00', '3.00'),
(174, 177, '2019-08-31 16:00:00', '7.00', '2019-08-31 16:00:00', '10.00'),
(175, 178, '2019-08-31 16:00:00', '23.00', '2019-08-31 16:00:00', '28.00'),
(176, 179, '2019-08-31 16:00:00', '8.00', '2019-08-31 16:00:00', '10.00'),
(177, 180, '2019-08-31 16:00:00', '10.00', '2019-08-31 16:00:00', '12.00'),
(178, 181, '2019-08-31 16:00:00', '4.00', '2019-08-31 16:00:00', '6.00'),
(179, 182, '2019-08-31 16:00:00', '185.00', '2019-08-31 16:00:00', '0.00'),
(180, 183, '2019-08-31 16:00:00', '0.37', '2019-08-31 16:00:00', '1.00'),
(181, 184, '2019-08-31 16:00:00', '210.00', '2019-08-31 16:00:00', '0.00'),
(182, 185, '2019-08-31 16:00:00', '0.42', '2019-08-31 16:00:00', '1.00'),
(183, 186, '2019-08-31 16:00:00', '180.00', '2019-08-31 16:00:00', '0.00'),
(184, 187, '2019-08-31 16:00:00', '0.36', '2019-08-31 16:00:00', '1.00'),
(185, 188, '2019-08-31 16:00:00', '160.00', '2019-08-31 16:00:00', '0.00'),
(186, 189, '2019-08-31 16:00:00', '360.00', '2019-08-31 16:00:00', '0.00'),
(187, 190, '2019-08-31 16:00:00', '1200.00', '2019-08-31 16:00:00', '0.00'),
(188, 191, '2019-08-31 16:00:00', '75.00', '2019-08-31 16:00:00', '0.00'),
(189, 192, '2019-08-31 16:00:00', '6.25', '2019-08-31 16:00:00', '8.00'),
(190, 193, '2019-08-31 16:00:00', '48.00', '2019-08-31 16:00:00', '0.00'),
(191, 194, '2019-08-31 16:00:00', '4.00', '2019-08-31 16:00:00', '6.00'),
(192, 195, '2019-08-31 16:00:00', '48.00', '2019-08-31 16:00:00', '0.00'),
(193, 196, '2019-08-31 16:00:00', '4.00', '2019-08-31 16:00:00', '6.00'),
(194, 197, '2019-08-31 16:00:00', '106.25', '2019-08-31 16:00:00', '0.00'),
(195, 198, '2019-08-31 16:00:00', '4.25', '2019-08-31 16:00:00', '6.00'),
(196, 199, '2019-08-31 16:00:00', '500.00', '2019-08-31 16:00:00', '0.00'),
(197, 200, '2019-08-31 16:00:00', '5.00', '2019-08-31 16:00:00', '7.00'),
(198, 201, '2019-08-31 16:00:00', '700.00', '2019-08-31 16:00:00', '0.00'),
(199, 202, '2019-08-31 16:00:00', '7.00', '2019-08-31 16:00:00', '9.00'),
(200, 203, '2019-08-31 16:00:00', '13.75', '2019-08-31 16:00:00', '16.50'),
(201, 204, '2019-08-31 16:00:00', '13.75', '2019-08-31 16:00:00', '16.50'),
(202, 205, '2019-08-31 16:00:00', '13.50', '2019-08-31 16:00:00', '16.50'),
(203, 206, '2019-08-31 16:00:00', '20.70', '2019-08-31 16:00:00', '26.00'),
(204, 207, '2019-08-31 16:00:00', '12.25', '2019-08-31 16:00:00', '16.00'),
(205, 208, '2019-08-31 16:00:00', '49.50', '2019-08-31 16:00:00', '57.00'),
(206, 209, '2019-08-31 16:00:00', '49.50', '2019-08-31 16:00:00', '57.00'),
(207, 210, '2019-08-31 16:00:00', '21.50', '2019-08-31 16:00:00', '25.00'),
(208, 211, '2019-08-31 16:00:00', '49.50', '2019-08-31 16:00:00', '57.00'),
(209, 212, '2019-08-31 16:00:00', '49.50', '2019-08-31 16:00:00', '57.00'),
(210, 213, '2019-08-31 16:00:00', '49.50', '2019-08-31 16:00:00', '57.00'),
(211, 214, '2019-08-31 16:00:00', '70.00', '2019-08-31 16:00:00', '0.00'),
(212, 215, '2019-08-31 16:00:00', '4.37', '2019-08-31 16:00:00', '6.00'),
(213, 216, '2019-08-31 16:00:00', '12.00', '2019-08-31 16:00:00', '15.00'),
(214, 217, '2019-08-31 16:00:00', '7.75', '2019-08-31 16:00:00', '9.50'),
(215, 218, '2019-08-31 16:00:00', '33.75', '2019-08-31 16:00:00', '0.00'),
(216, 219, '2019-08-31 16:00:00', '13.00', '2019-08-31 16:00:00', '16.00'),
(217, 220, '2019-08-31 16:00:00', '38.00', '2019-08-31 16:00:00', '0.00'),
(218, 221, '2019-08-31 16:00:00', '1.90', '2019-08-31 16:00:00', '2.50'),
(219, 222, '2019-08-31 16:00:00', '180.00', '2019-08-31 16:00:00', '0.00'),
(220, 223, '2019-08-31 16:00:00', '0.36', '2019-08-31 16:00:00', '1.00'),
(221, 224, '2019-08-31 16:00:00', '60.00', '2019-08-31 16:00:00', '0.00'),
(222, 225, '2019-08-31 16:00:00', '6.00', '2019-08-31 16:00:00', '8.00'),
(223, 226, '2019-08-31 16:00:00', '40.00', '2019-08-31 16:00:00', '0.00'),
(224, 227, '2019-08-31 16:00:00', '4.00', '2019-08-31 16:00:00', '5.00'),
(225, 228, '2019-08-31 16:00:00', '250.00', '2019-08-31 16:00:00', '0.00'),
(226, 229, '2019-08-31 16:00:00', '25.00', '2019-08-31 16:00:00', '30.00'),
(227, 230, '2019-08-31 16:00:00', '50.00', '2019-08-31 16:00:00', '0.00'),
(228, 231, '2019-08-31 16:00:00', '5.00', '2019-08-31 16:00:00', '7.00'),
(229, 232, '2019-08-31 16:00:00', '0.00', '2019-08-31 16:00:00', '0.00'),
(230, 233, '2019-08-31 16:00:00', '0.00', '2019-08-31 16:00:00', '0.00'),
(231, 234, '2019-08-31 16:00:00', '8.00', '2019-08-31 16:00:00', '10.00'),
(232, 235, '2019-08-31 16:00:00', '220.00', '2019-08-31 16:00:00', '270.00'),
(233, 236, '2019-08-31 16:00:00', '22.00', '2019-08-31 16:00:00', '28.00'),
(234, 237, '2019-08-31 16:00:00', '22.00', '2019-08-31 16:00:00', '25.00'),
(235, 238, '2019-08-31 16:00:00', '13.00', '2019-08-31 16:00:00', '17.00'),
(236, 239, '2019-08-31 16:00:00', '12.00', '2019-08-31 16:00:00', '16.00'),
(237, 240, '2019-08-31 16:00:00', '0.20', '2019-08-31 16:00:00', '1.00'),
(238, 241, '2019-08-31 16:00:00', '0.20', '2019-08-31 16:00:00', '1.00'),
(239, 242, '2019-08-31 16:00:00', '28.00', '2019-08-31 16:00:00', '35.00'),
(240, 243, '2019-08-31 16:00:00', '4.40', '2019-08-31 16:00:00', '6.00'),
(241, 244, '2019-08-31 16:00:00', '29.50', '2019-08-31 16:00:00', '36.00'),
(242, 245, '2019-08-31 16:00:00', '0.35', '2019-08-31 16:00:00', '1.00'),
(243, 246, '2019-08-31 16:00:00', '120.00', '2019-08-31 16:00:00', '0.00'),
(244, 247, '2019-08-31 16:00:00', '10.00', '2019-08-31 16:00:00', '15.00'),
(245, 248, '2019-08-31 16:00:00', '0.00', '2019-08-31 16:00:00', '0.00'),
(246, 249, '2019-08-31 16:00:00', '5.50', '2019-08-31 16:00:00', '10.00'),
(247, 250, '2019-08-31 16:00:00', '272.50', '2019-08-31 16:00:00', '0.00'),
(248, 251, '2019-08-31 16:00:00', '5.45', '2019-08-31 16:00:00', '10.00'),
(259, 148, '2019-08-31 16:00:00', '11.67', '2019-11-27 16:00:00', '13.00'),
(260, 148, '2019-08-31 16:00:00', '11.67', '2019-09-04 16:00:00', '14.00');

-- --------------------------------------------------------

--
-- Table structure for table `items_stock`
--

CREATE TABLE `items_stock` (
  `item_id` int(10) UNSIGNED NOT NULL,
  `stock` int(10) UNSIGNED NOT NULL,
  `row_id` int(10) UNSIGNED NOT NULL
) ENGINE=InnoDB DEFAULT CHARSET=latin1;

--
-- Dumping data for table `items_stock`
--

INSERT INTO `items_stock` (`item_id`, `stock`, `row_id`) VALUES
(1, 0, 1),
(2, 0, 2),
(3, 0, 3),
(4, 0, 4),
(5, 0, 5),
(6, 0, 6),
(7, 0, 7),
(30, 1, 8),
(31, 0, 9),
(32, 9, 10),
(33, 0, 11),
(34, 12, 12),
(35, 0, 13),
(36, 12, 14),
(37, 0, 15),
(38, 100, 16),
(39, 0, 17),
(40, 82, 18),
(41, 1, 19),
(42, 0, 20),
(43, 10, 21),
(44, 0, 22),
(45, 12, 23),
(46, 5, 24),
(47, 7, 25),
(48, 0, 26),
(49, 16, 27),
(50, 0, 28),
(51, 6, 29),
(52, 0, 30),
(53, 7, 31),
(54, 0, 32),
(55, 6, 33),
(56, 0, 34),
(57, 4, 35),
(58, 0, 36),
(59, 3, 37),
(60, 2, 38),
(61, 4, 39),
(62, 0, 40),
(63, 100, 41),
(64, 0, 42),
(65, 0, 43),
(66, 11, 44),
(67, 0, 45),
(68, 6, 46),
(69, 0, 47),
(70, 7, 48),
(71, 3, 49),
(72, 2, 50),
(73, 3, 51),
(74, 0, 52),
(75, 4, 53),
(76, 0, 54),
(77, 3, 55),
(78, 2, 56),
(79, 0, 57),
(80, 18, 58),
(81, 0, 59),
(82, 3, 60),
(83, 0, 61),
(84, 11, 62),
(85, 4, 63),
(86, 5, 64),
(87, 2, 65),
(88, 1, 66),
(89, 0, 67),
(90, 9, 68),
(91, 0, 69),
(92, 11, 70),
(93, 0, 71),
(94, 11, 72),
(95, 3, 73),
(96, 1, 74),
(97, 3, 75),
(98, 0, 76),
(99, 11, 77),
(100, 0, 78),
(101, 24, 79),
(102, 0, 80),
(103, 9, 81),
(104, 0, 82),
(105, 5, 83),
(106, 1, 84),
(107, 0, 85),
(108, 0, 86),
(109, 0, 87),
(110, 20, 88),
(111, 0, 89),
(112, 10, 90),
(113, 0, 91),
(114, 0, 92),
(115, 0, 93),
(116, 10, 94),
(117, 0, 95),
(118, 19, 96),
(119, 2, 97),
(120, 0, 98),
(121, 10, 99),
(122, 6, 100),
(123, 3, 101),
(124, 6, 102),
(125, 4, 103),
(126, 0, 104),
(127, 8, 105),
(128, 0, 106),
(129, 25, 107),
(130, 0, 108),
(131, 25, 109),
(132, 0, 110),
(133, 4, 111),
(134, 3, 112),
(135, 3, 113),
(136, 0, 114),
(137, 17, 115),
(138, 0, 116),
(139, 0, 117),
(140, 8, 118),
(141, 0, 119),
(142, 8, 120),
(143, 6, 121),
(144, 2, 122),
(145, 0, 123),
(146, 248, 124),
(147, 0, 125),
(148, 5, 126),
(149, 0, 127),
(150, 4, 128),
(151, 0, 129),
(152, 6, 130),
(153, 0, 131),
(154, 11, 132),
(155, 0, 133),
(156, 3, 134),
(157, 0, 135),
(158, 4, 136),
(159, 0, 137),
(160, 4, 138),
(161, 0, 139),
(162, 10, 140),
(163, 3, 141),
(164, 6, 142),
(165, 5, 143),
(166, 2, 144),
(167, 0, 145),
(168, 10, 146),
(169, 2, 147),
(170, 6, 148),
(171, 0, 149),
(172, 50, 150),
(173, 1, 151),
(174, 1, 152),
(175, 8, 153),
(176, 8, 154),
(177, 3, 155),
(178, 3, 156),
(179, 4, 157),
(180, 5, 158),
(181, 7, 159),
(182, 0, 160),
(183, 490, 161),
(184, 0, 162),
(185, 490, 163),
(186, 0, 164),
(187, 414, 165),
(188, 0, 166),
(189, 0, 167),
(190, 0, 168),
(191, 0, 169),
(192, 17, 170),
(193, 0, 171),
(194, 0, 172),
(195, 0, 173),
(196, 9, 174),
(197, 0, 175),
(198, 18, 176),
(199, 0, 177),
(200, 100, 178),
(201, 0, 179),
(202, 100, 180),
(203, 1, 181),
(204, 0, 182),
(205, 1, 183),
(206, 0, 184),
(207, 0, 185),
(208, 1, 186),
(209, 1, 187),
(210, 1, 188),
(211, 1, 189),
(212, 1, 190),
(213, 1, 191),
(214, 0, 192),
(215, 32, 193),
(216, 4, 194),
(217, 0, 195),
(218, 0, 196),
(219, 1, 197),
(220, 0, 198),
(221, 18, 199),
(222, 0, 200),
(223, 0, 201),
(224, 0, 202),
(225, 6, 203),
(226, 0, 204),
(227, 2, 205),
(228, 0, 206),
(229, 2, 207),
(230, 0, 208),
(231, 4, 209),
(232, 0, 210),
(233, 0, 211),
(234, 4, 212),
(235, 0, 213),
(236, 9, 214),
(237, 2, 215),
(238, 5, 216),
(239, 5, 217),
(240, 19, 218),
(241, 20, 219),
(242, 6, 220),
(243, 10, 221),
(244, 6, 222),
(245, 78, 223),
(246, 0, 224),
(247, 11, 225),
(249, 10, 226),
(250, 0, 227),
(251, 49, 228);

-- --------------------------------------------------------

--
-- Table structure for table `items_transactions`
--

CREATE TABLE `items_transactions` (
  `transaction_id` int(10) UNSIGNED NOT NULL,
  `customer` varchar(30) DEFAULT NULL,
  `type` enum('RESTOCK','SALE','RETURN','LOSS','SURPLUS') NOT NULL,
  `date` timestamp NOT NULL DEFAULT CURRENT_TIMESTAMP,
  `sub_total` decimal(13,2) NOT NULL DEFAULT '0.00',
  `service_charge` decimal(13,2) NOT NULL DEFAULT '0.00',
  `grand_total` decimal(13,2) NOT NULL DEFAULT '0.00',
  `discount` decimal(13,2) NOT NULL DEFAULT '0.00',
  `payment` decimal(13,2) NOT NULL DEFAULT '0.00'
) ENGINE=InnoDB DEFAULT CHARSET=latin1;

--
-- Dumping data for table `items_transactions`
--

INSERT INTO `items_transactions` (`transaction_id`, `customer`, `type`, `date`, `sub_total`, `service_charge`, `grand_total`, `discount`, `payment`) VALUES
(1, NULL, 'RESTOCK', '2019-09-23 00:00:00', '0.00', '0.00', '0.00', '0.00', '0.00'),
(2, NULL, 'RESTOCK', '2019-10-30 00:00:00', '0.00', '0.00', '0.00', '0.00', '0.00'),
(3, NULL, 'LOSS', '2019-11-04 15:30:00', '0.00', '0.00', '0.00', '0.00', '0.00'),
(4, NULL, 'SURPLUS', '2019-11-04 15:35:00', '0.00', '0.00', '0.00', '0.00', '0.00'),
(5, NULL, 'RESTOCK', '2019-11-11 03:00:00', '0.00', '0.00', '0.00', '0.00', '0.00'),
(6, '', 'SALE', '2019-09-25 05:00:00', '9.00', '0.00', '9.00', '0.00', '9.00'),
(7, 'Alyssa O.', 'SALE', '2019-09-26 01:00:00', '42.00', '0.00', '40.00', '2.00', '40.00'),
(8, 'Laurel C.', 'SALE', '2019-09-26 01:00:00', '10.00', '0.00', '10.00', '0.00', '10.00'),
(9, '', 'SALE', '2019-09-26 01:00:00', '35.00', '0.00', '35.00', '0.00', '35.00'),
(10, '', 'SALE', '2019-09-26 01:00:00', '38.00', '0.00', '38.00', '0.00', '38.00'),
(11, '', 'SALE', '2019-09-26 01:00:00', '42.00', '0.00', '42.00', '0.00', '42.00'),
(12, '', 'SALE', '2019-09-26 01:00:00', '4.00', '0.00', '4.00', '0.00', '4.00'),
(13, '', 'SALE', '2019-09-27 01:30:00', '12.00', '0.00', '12.00', '0.00', '12.00'),
(14, '', 'SALE', '2019-09-27 01:30:00', '8.00', '0.00', '8.00', '0.00', '8.00'),
(15, '', 'SALE', '2019-09-27 01:30:00', '14.00', '0.00', '14.00', '0.00', '14.00'),
(16, 'Laurel C.', 'SALE', '2019-09-27 02:00:00', '27.00', '3.00', '30.00', '0.00', '30.00'),
(17, 'Exam Student', 'SALE', '2019-09-27 02:00:00', '6.00', '0.00', '6.00', '0.00', '6.00'),
(18, '', 'SALE', '2019-09-27 08:00:00', '18.00', '4.00', '22.00', '0.00', '22.00'),
(19, '', 'SALE', '2019-09-27 09:05:00', '18.00', '4.00', '22.00', '0.00', '22.00'),
(20, '', 'SALE', '2019-09-27 10:32:00', '19.00', '1.00', '20.00', '0.00', '20.00'),
(21, '', 'SALE', '2019-09-27 10:32:00', '47.50', '2.50', '50.00', '0.00', '50.00'),
(22, '', 'SALE', '2019-09-27 10:55:00', '12.00', '0.00', '12.00', '0.00', '12.00'),
(23, '', 'SALE', '2019-09-28 01:00:00', '18.00', '4.00', '22.00', '0.00', '22.00'),
(24, 'Nectarina C.', 'SALE', '2019-09-29 07:00:00', '90.00', '10.00', '100.00', '0.00', '100.00'),
(25, 'Nectarina C.', 'SALE', '2019-09-29 07:00:00', '18.00', '2.00', '20.00', '0.00', '20.00'),
(26, 'Nectarina C.', 'SALE', '2019-09-29 07:00:00', '18.00', '2.00', '20.00', '0.00', '20.00'),
(27, 'Student', 'SALE', '2019-09-30 07:00:00', '30.00', '0.00', '30.00', '0.00', '30.00'),
(28, '', 'SALE', '2019-09-30 07:30:00', '18.00', '0.00', '18.00', '0.00', '18.00'),
(29, '', 'SALE', '2019-09-30 07:30:00', '14.00', '0.00', '14.00', '0.00', '14.00'),
(30, '', 'SALE', '2019-09-30 07:30:00', '10.00', '0.00', '10.00', '0.00', '10.00'),
(31, '', 'SALE', '2019-09-30 07:35:00', '90.00', '10.00', '100.00', '0.00', '100.00'),
(32, '', 'SALE', '2019-09-30 07:35:00', '18.00', '2.00', '20.00', '0.00', '20.00'),
(33, '', 'SALE', '2019-09-30 07:35:00', '9.00', '3.00', '12.00', '0.00', '12.00'),
(34, '', 'SALE', '2019-09-30 09:05:00', '45.00', '7.00', '52.00', '0.00', '52.00'),
(35, 'Mutya K.', 'SALE', '2019-09-30 09:10:00', '90.00', '10.00', '100.00', '0.00', '100.00'),
(36, 'Jhondrex', 'SALE', '2019-09-30 10:30:00', '45.00', '5.00', '50.00', '0.00', '50.00'),
(37, 'Hans K.', 'SALE', '2019-10-01 02:30:00', '95.00', '5.00', '100.00', '0.00', '100.00'),
(38, 'Stella', 'SALE', '2019-10-01 02:30:00', '18.00', '2.00', '20.00', '0.00', '20.00'),
(39, 'Denalie C.', 'SALE', '2019-10-01 02:30:00', '47.50', '2.50', '50.00', '0.00', '50.00'),
(40, 'Student', 'SALE', '2019-10-01 03:00:00', '12.00', '0.00', '12.00', '0.00', '12.00'),
(41, '', 'SALE', '2019-10-01 09:50:00', '47.50', '4.50', '52.00', '0.00', '52.00'),
(42, '', 'SALE', '2019-10-01 09:50:00', '19.00', '3.00', '22.00', '0.00', '22.00'),
(43, '', 'SALE', '2019-10-02 05:00:00', '45.00', '5.00', '50.00', '0.00', '50.00'),
(44, 'Harry K.', 'SALE', '2019-10-02 05:00:00', '90.00', '10.00', '100.00', '0.00', '100.00'),
(45, '', 'SALE', '2019-10-03 04:20:00', '36.00', '0.00', '36.00', '0.00', '36.00'),
(46, '', 'SALE', '2019-10-03 04:25:00', '20.00', '0.00', '20.00', '0.00', '20.00'),
(47, '', 'SALE', '2019-10-03 04:30:00', '62.00', '0.00', '62.00', '0.00', '62.00'),
(48, '', 'SALE', '2019-10-03 05:30:00', '40.00', '0.00', '40.00', '0.00', '40.00'),
(49, 'Teacher', 'SALE', '2019-10-03 06:30:00', '95.00', '5.00', '100.00', '0.00', '100.00'),
(50, 'Mutya K.', 'SALE', '2019-10-03 06:30:00', '19.00', '1.00', '20.00', '0.00', '20.00'),
(51, 'Karen Fuston', 'SALE', '2019-10-03 06:53:00', '95.00', '5.00', '100.00', '0.00', '100.00'),
(52, '', 'SALE', '2019-10-03 08:20:00', '19.00', '3.00', '22.00', '0.00', '22.00'),
(53, '', 'SALE', '2019-10-03 09:00:00', '10.00', '0.00', '5.00', '5.00', '5.00'),
(54, '', 'SALE', '2019-10-03 10:35:00', '12.00', '0.00', '12.00', '0.00', '12.00'),
(55, '', 'SALE', '2019-10-04 01:25:00', '4.00', '0.00', '4.00', '0.00', '4.00'),
(56, '', 'SALE', '2019-10-04 01:25:00', '19.00', '0.00', '19.00', '0.00', '19.00'),
(57, '', 'SALE', '2019-10-04 03:25:00', '19.00', '3.00', '22.00', '0.00', '22.00'),
(58, '', 'SALE', '2019-10-04 03:25:00', '19.00', '3.00', '22.00', '0.00', '22.00'),
(59, '', 'SALE', '2019-10-04 04:00:00', '19.00', '3.00', '22.00', '0.00', '22.00'),
(60, '', 'SALE', '2019-10-04 04:25:00', '24.00', '0.00', '24.00', '0.00', '24.00'),
(61, '', 'SALE', '2019-10-04 04:35:00', '10.00', '0.00', '10.00', '0.00', '10.00'),
(62, '', 'SALE', '2019-10-04 07:00:00', '47.50', '4.50', '52.00', '0.00', '52.00'),
(63, 'Nectarina C.', 'SALE', '2019-10-04 08:00:00', '6.00', '0.00', '6.00', '0.00', '6.00'),
(64, 'Denalie C.', 'SALE', '2019-10-04 09:20:00', '47.50', '2.50', '50.00', '0.00', '50.00'),
(65, '', 'SALE', '2019-10-04 10:50:00', '47.50', '4.50', '52.00', '0.00', '52.00'),
(66, 'Jhondrex', 'SALE', '2019-10-06 10:45:00', '45.00', '5.00', '50.00', '0.00', '50.00'),
(67, '', 'SALE', '2019-10-07 00:00:00', '7.00', '0.00', '7.00', '0.00', '7.00'),
(68, '', 'SALE', '2019-10-07 00:00:00', '17.00', '0.00', '17.00', '0.00', '17.00'),
(69, 'Jhondrex', 'SALE', '2019-10-07 00:55:00', '28.00', '0.00', '28.00', '0.00', '28.00'),
(70, '', 'SALE', '2019-10-07 01:30:00', '10.00', '0.00', '10.00', '0.00', '10.00'),
(71, '', 'SALE', '2019-10-07 02:30:00', '18.00', '4.00', '22.00', '0.00', '22.00'),
(72, 'Estella C.', 'SALE', '2019-10-07 03:10:00', '18.00', '2.00', '20.00', '0.00', '20.00'),
(73, '', 'SALE', '2019-10-07 04:20:00', '24.00', '0.00', '24.00', '0.00', '24.00'),
(74, '', 'SALE', '2019-10-07 04:30:00', '6.00', '0.00', '6.00', '0.00', '6.00'),
(75, '', 'SALE', '2019-10-07 04:45:00', '8.00', '0.00', '8.00', '0.00', '8.00'),
(76, '', 'SALE', '2019-10-07 04:50:00', '8.00', '0.00', '8.00', '0.00', '8.00'),
(77, '', 'SALE', '2019-10-07 04:50:00', '49.00', '0.00', '49.00', '0.00', '49.00'),
(78, '', 'SALE', '2019-10-07 05:06:00', '6.00', '0.00', '6.00', '0.00', '6.00'),
(79, '', 'SALE', '2019-10-07 05:50:00', '8.00', '0.00', '8.00', '0.00', '8.00'),
(80, '', 'SALE', '2019-10-07 06:35:00', '45.00', '7.00', '52.00', '0.00', '52.00'),
(81, '', 'SALE', '2019-10-07 07:25:00', '2.00', '0.00', '2.00', '0.00', '2.00'),
(82, '', 'SALE', '2019-10-07 07:40:00', '18.00', '4.00', '22.00', '0.00', '22.00'),
(83, '', 'SALE', '2019-10-07 07:55:00', '6.00', '0.00', '6.00', '0.00', '6.00'),
(84, '', 'SALE', '2019-10-07 09:45:00', '106.00', '0.00', '106.00', '0.00', '106.00'),
(85, '', 'SALE', '2019-10-07 09:45:00', '45.00', '7.00', '52.00', '0.00', '52.00'),
(86, '', 'SALE', '2019-10-07 09:45:00', '6.00', '0.00', '6.00', '0.00', '6.00'),
(87, '', 'SALE', '2019-10-07 11:10:00', '45.00', '7.00', '52.00', '0.00', '52.00'),
(88, '', 'SALE', '2019-10-07 11:20:00', '8.00', '0.00', '8.00', '0.00', '8.00'),
(89, '', 'SALE', '2019-10-07 12:10:00', '27.00', '5.00', '32.00', '0.00', '32.00'),
(90, 'Milarose K.', 'SALE', '2019-10-08 00:30:00', '47.50', '2.50', '50.00', '0.00', '50.00'),
(91, 'Milarose K.', 'SALE', '2019-10-08 00:30:00', '19.00', '1.00', '20.00', '0.00', '20.00'),
(92, '', 'SALE', '2019-10-08 01:00:00', '7.00', '0.00', '7.00', '0.00', '7.00'),
(93, '', 'SALE', '2019-10-08 01:00:00', '7.00', '0.00', '7.00', '0.00', '7.00'),
(94, '', 'SALE', '2019-10-08 01:30:00', '19.00', '3.00', '22.00', '0.00', '22.00'),
(95, '', 'SALE', '2019-10-08 01:47:00', '4.00', '0.00', '4.00', '0.00', '4.00'),
(96, '', 'SALE', '2019-10-08 01:58:00', '2.00', '0.00', '2.00', '0.00', '2.00'),
(97, '', 'SALE', '2019-10-08 02:50:00', '19.00', '3.00', '22.00', '0.00', '22.00'),
(98, 'Hans K.', 'SALE', '2019-10-08 03:10:00', '95.00', '5.00', '100.00', '0.00', '100.00'),
(99, '', 'SALE', '2019-10-08 04:03:00', '16.00', '0.00', '16.00', '0.00', '16.00'),
(100, '', 'SALE', '2019-10-08 04:32:00', '16.00', '0.00', '16.00', '0.00', '16.00'),
(101, '', 'SALE', '2019-10-08 05:20:00', '3.00', '0.00', '3.00', '0.00', '3.00'),
(102, '', 'SALE', '2019-10-08 05:38:00', '8.00', '0.00', '8.00', '0.00', '8.00'),
(103, '', 'SALE', '2019-10-08 06:25:00', '4.00', '0.00', '4.00', '0.00', '4.00'),
(104, '', 'SALE', '2019-10-08 06:33:00', '6.00', '0.00', '6.00', '0.00', '6.00'),
(105, '', 'SALE', '2019-10-08 06:38:00', '47.50', '4.50', '52.00', '0.00', '52.00'),
(106, '', 'SALE', '2019-10-08 08:35:00', '56.00', '0.00', '56.00', '0.00', '56.00'),
(107, '', 'SALE', '2019-10-08 09:21:00', '47.50', '4.50', '52.00', '0.00', '52.00'),
(108, '', 'SALE', '2019-10-08 10:40:00', '6.00', '0.00', '6.00', '0.00', '6.00'),
(109, 'Jhondrex', 'SALE', '2019-10-08 11:28:00', '47.50', '4.50', '52.00', '0.00', '52.00'),
(110, 'Stella', 'SALE', '2019-10-08 12:21:00', '4.00', '0.00', '4.00', '0.00', '4.00'),
(111, '', 'SALE', '2019-10-09 04:10:00', '50.00', '0.00', '50.00', '0.00', '50.00'),
(112, '', 'SALE', '2019-10-09 05:00:00', '6.00', '0.00', '6.00', '0.00', '6.00'),
(113, '', 'SALE', '2019-10-09 09:35:00', '48.00', '0.00', '48.00', '0.00', '48.00'),
(114, '', 'SALE', '2019-10-10 03:00:00', '36.00', '0.00', '36.00', '0.00', '36.00'),
(115, '', 'SALE', '2019-10-10 03:30:00', '19.00', '3.00', '22.00', '0.00', '22.00'),
(116, '', 'SALE', '2019-10-10 03:45:00', '16.00', '0.00', '16.00', '0.00', '16.00'),
(117, '', 'SALE', '2019-10-10 05:30:00', '60.00', '0.00', '60.00', '0.00', '60.00'),
(118, '', 'SALE', '2019-10-10 06:05:00', '8.00', '0.00', '8.00', '0.00', '8.00'),
(119, '', 'SALE', '2019-10-11 02:10:00', '4.00', '0.00', '4.00', '0.00', '4.00'),
(120, '', 'SALE', '2019-10-11 02:15:00', '2.00', '0.00', '2.00', '0.00', '2.00'),
(121, '', 'SALE', '2019-10-11 02:15:00', '12.00', '0.00', '12.00', '0.00', '12.00'),
(122, '', 'SALE', '2019-10-11 03:55:00', '2.00', '0.00', '2.00', '0.00', '2.00'),
(123, '', 'SALE', '2019-10-11 04:00:00', '32.00', '0.00', '32.00', '0.00', '32.00'),
(124, '', 'SALE', '2019-10-11 04:30:00', '2.00', '0.00', '2.00', '0.00', '2.00'),
(125, '', 'SALE', '2019-10-11 06:00:00', '22.00', '0.00', '22.00', '0.00', '22.00'),
(126, '', 'SALE', '2019-10-11 07:20:00', '10.00', '0.00', '10.00', '0.00', '10.00'),
(127, 'Karen Fuston', 'SALE', '2019-10-11 07:37:00', '95.00', '5.00', '100.00', '0.00', '100.00'),
(128, '', 'SALE', '2019-10-11 07:45:00', '2.00', '0.00', '2.00', '0.00', '2.00'),
(129, '', 'SALE', '2019-10-11 08:10:00', '10.00', '0.00', '10.00', '0.00', '10.00'),
(130, '', 'SALE', '2019-10-11 08:30:00', '47.50', '4.50', '52.00', '0.00', '52.00'),
(131, 'Denalie C.', 'SALE', '2019-10-13 10:00:00', '45.00', '5.00', '50.00', '0.00', '50.00'),
(132, '', 'SALE', '2019-10-14 07:00:00', '7.00', '0.00', '7.00', '0.00', '7.00'),
(133, '', 'SALE', '2019-10-14 07:00:00', '8.00', '0.00', '8.00', '0.00', '8.00'),
(134, '', 'SALE', '2019-10-14 07:00:00', '10.00', '0.00', '10.00', '0.00', '10.00'),
(135, 'Kleng', 'SALE', '2019-10-14 08:00:00', '16.00', '0.00', '16.00', '0.00', '16.00'),
(136, 'Jhondrex', 'SALE', '2019-10-14 08:00:00', '28.00', '0.00', '28.00', '0.00', '28.00'),
(137, 'Lhoridan C.', 'SALE', '2019-10-14 09:00:00', '45.00', '5.00', '50.00', '0.00', '50.00'),
(138, 'Karen Fuston', 'SALE', '2019-10-15 04:30:00', '95.00', '5.00', '100.00', '0.00', '100.00'),
(139, 'Karen Fuston', 'SALE', '2019-10-15 04:30:00', '95.00', '5.00', '100.00', '0.00', '100.00'),
(140, 'Harry K.', 'SALE', '2019-10-15 04:30:00', '90.00', '10.00', '100.00', '0.00', '100.00'),
(141, 'Laurel C.', 'SALE', '2019-10-16 07:30:00', '28.50', '1.50', '30.00', '0.00', '30.00'),
(142, 'Denalie C.', 'SALE', '2019-10-16 13:00:00', '47.50', '2.50', '50.00', '0.00', '50.00'),
(143, 'Hans K.', 'SALE', '2019-10-17 13:00:00', '95.00', '5.00', '100.00', '0.00', '100.00'),
(144, '', 'SALE', '2019-10-18 10:00:00', '19.00', '3.00', '22.00', '0.00', '22.00'),
(145, '', 'SALE', '2019-10-18 10:00:00', '19.00', '3.00', '22.00', '0.00', '22.00'),
(146, 'Estella C.', 'SALE', '2019-10-19 07:00:00', '9.50', '1.50', '11.00', '0.00', '11.00'),
(147, 'Jhondrex', 'SALE', '2019-10-20 02:00:00', '19.00', '1.00', '20.00', '0.00', '20.00'),
(148, '', 'SALE', '2019-10-20 08:00:00', '27.00', '5.00', '32.00', '0.00', '32.00'),
(149, '', 'SALE', '2019-10-20 08:00:00', '27.00', '5.00', '32.00', '0.00', '32.00'),
(150, '', 'SALE', '2019-10-20 10:30:00', '19.00', '3.00', '22.00', '0.00', '22.00'),
(151, 'Nectarina C.', 'SALE', '2019-10-20 10:30:00', '95.00', '5.00', '100.00', '0.00', '100.00'),
(152, 'Nectarina C.', 'SALE', '2019-10-20 10:30:00', '18.00', '2.00', '20.00', '0.00', '20.00'),
(153, '', 'SALE', '2019-10-20 12:38:00', '45.00', '7.00', '52.00', '0.00', '52.00'),
(154, 'Estella C.', 'SALE', '2019-10-21 07:00:00', '9.00', '2.00', '11.00', '0.00', '11.00'),
(155, '', 'SALE', '2019-10-21 12:38:00', '18.00', '4.00', '22.00', '0.00', '22.00'),
(156, 'Jhondrex', 'SALE', '2019-10-22 04:30:00', '47.50', '2.50', '50.00', '0.00', '50.00'),
(157, 'Lhoridan C.', 'SALE', '2019-10-22 06:30:00', '47.50', '2.50', '50.00', '0.00', '50.00'),
(158, '', 'SALE', '2019-10-22 08:45:00', '19.00', '1.00', '20.00', '0.00', '20.00'),
(159, '', 'SALE', '2019-10-22 08:45:00', '19.00', '1.00', '20.00', '0.00', '20.00'),
(160, '', 'SALE', '2019-10-22 08:45:00', '19.00', '1.00', '20.00', '0.00', '20.00'),
(161, 'Estella C.', 'SALE', '2019-10-22 08:45:00', '9.50', '1.50', '11.00', '0.00', '11.00'),
(162, 'Denalie C.', 'SALE', '2019-10-23 09:00:00', '47.50', '2.50', '50.00', '0.00', '50.00'),
(163, 'Harry K.', 'SALE', '2019-10-24 00:00:00', '95.00', '5.00', '100.00', '0.00', '100.00'),
(164, 'Karen Fuston', 'SALE', '2019-10-24 06:45:00', '95.00', '5.00', '100.00', '0.00', '100.00'),
(165, 'Karen Fuston', 'SALE', '2019-10-24 06:45:00', '95.00', '5.00', '100.00', '0.00', '100.00'),
(166, 'Jhondrex', 'SALE', '2019-10-24 10:45:00', '47.50', '2.50', '50.00', '0.00', '50.00'),
(167, '', 'SALE', '2019-10-25 10:45:00', '47.50', '2.50', '50.00', '0.00', '50.00'),
(168, '', 'SALE', '2019-10-26 10:45:00', '19.00', '5.00', '24.00', '0.00', '24.00'),
(169, '', 'SALE', '2019-10-26 10:45:00', '19.00', '1.00', '20.00', '0.00', '20.00'),
(170, 'Nectarina C.', 'SALE', '2019-10-27 10:45:00', '90.00', '10.00', '100.00', '0.00', '100.00'),
(171, 'Nectarina C.', 'SALE', '2019-10-27 10:45:00', '18.00', '2.00', '20.00', '0.00', '20.00'),
(172, '', 'SALE', '2019-10-28 05:30:00', '8.00', '0.00', '8.00', '0.00', '8.00'),
(173, '', 'SALE', '2019-10-28 05:30:00', '7.00', '0.00', '7.00', '0.00', '7.00'),
(174, '', 'SALE', '2019-10-28 06:26:00', '18.00', '4.00', '22.00', '0.00', '22.00'),
(175, '', 'SALE', '2019-10-28 08:00:00', '16.00', '0.00', '16.00', '0.00', '16.00'),
(176, '', 'SALE', '2019-10-28 08:00:00', '8.00', '0.00', '8.00', '0.00', '8.00'),
(177, 'Jhondrex', 'SALE', '2019-10-28 10:00:00', '45.00', '5.00', '50.00', '0.00', '50.00'),
(178, 'Denalie C.', 'SALE', '2019-10-28 13:00:00', '45.00', '5.00', '50.00', '0.00', '50.00'),
(179, 'Bossings Tindera', 'SALE', '2019-10-29 02:45:00', '9.50', '2.50', '12.00', '0.00', '12.00'),
(180, '', 'SALE', '2019-10-29 09:00:00', '19.00', '3.00', '22.00', '0.00', '22.00'),
(181, '', 'SALE', '2019-10-29 11:00:00', '95.00', '5.00', '100.00', '0.00', '100.00'),
(182, '', 'SALE', '2019-10-29 11:00:00', '95.00', '5.00', '100.00', '0.00', '100.00'),
(183, 'Karen Fuston', 'SALE', '2019-10-29 11:05:00', '95.00', '5.00', '100.00', '0.00', '100.00'),
(184, 'Karen Fuston', 'SALE', '2019-10-29 11:05:00', '95.00', '5.00', '100.00', '0.00', '100.00'),
(185, '', 'SALE', '2019-10-30 11:05:00', '47.50', '4.50', '52.00', '0.00', '52.00'),
(186, 'Denalie C.', 'SALE', '2019-10-30 22:05:00', '47.50', '2.50', '50.00', '0.00', '50.00'),
(187, '', 'SALE', '2019-10-31 08:50:00', '19.00', '3.00', '22.00', '0.00', '22.00'),
(188, 'Estella C.', 'SALE', '2019-10-31 11:50:00', '9.50', '1.50', '11.00', '0.00', '11.00'),
(189, 'Jhondrex', 'SALE', '2019-11-01 11:50:00', '47.50', '2.50', '50.00', '0.00', '50.00'),
(190, 'Estella C.', 'SALE', '2019-11-01 16:00:00', '16.50', '0.00', '16.50', '0.00', '16.50'),
(191, 'Estella C.', 'SALE', '2019-11-01 16:00:00', '26.00', '0.00', '26.00', '0.00', '26.00'),
(192, 'Estella C.', 'SALE', '2019-11-01 16:00:00', '7.00', '0.00', '7.00', '0.00', '7.00'),
(193, 'Estella C.', 'SALE', '2019-11-01 16:00:00', '9.50', '0.00', '9.50', '0.00', '9.50'),
(194, 'Mutya K.', 'SALE', '2019-11-01 16:00:00', '39.00', '0.00', '39.00', '0.00', '0.00'),
(195, 'Denalie', 'SALE', '2019-11-01 16:00:00', '10.00', '0.00', '10.00', '0.00', '10.00'),
(196, 'Nectarina C.', 'SALE', '2019-11-01 16:00:00', '7.00', '0.00', '7.00', '0.00', '7.00'),
(197, 'Edelweiss', 'SALE', '2019-11-01 16:00:00', '7.00', '0.00', '7.00', '0.00', '7.00'),
(198, 'Kate C.', 'SALE', '2019-11-02 09:50:00', '95.00', '5.00', '100.00', '0.00', '100.00'),
(199, 'Nectarina C.', 'SALE', '2019-11-03 16:10:00', '95.00', '5.00', '100.00', '0.00', '100.00'),
(200, 'Nectarina C.', 'SALE', '2019-11-03 16:10:00', '19.00', '1.00', '20.00', '0.00', '20.00'),
(201, '', 'SALE', '2019-11-04 01:10:00', '90.00', '10.00', '100.00', '0.00', '100.00'),
(202, '', 'SALE', '2019-11-04 01:10:00', '90.00', '10.00', '100.00', '0.00', '100.00'),
(203, '', 'SALE', '2019-11-04 01:10:00', '90.00', '10.00', '100.00', '0.00', '100.00'),
(204, '', 'SALE', '2019-11-04 01:10:00', '45.00', '5.00', '50.00', '0.00', '50.00'),
(205, 'Estella C.', 'SALE', '2019-11-04 01:15:00', '9.00', '1.00', '10.00', '0.00', '10.00'),
(206, '', 'SALE', '2019-11-04 02:00:00', '4.00', '0.00', '4.00', '0.00', '4.00'),
(207, '', 'SALE', '2019-11-04 02:15:00', '9.00', '3.00', '12.00', '0.00', '12.00'),
(208, 'Josephine Cornello', 'SALE', '2019-11-04 02:30:00', '24.00', '0.00', '24.00', '0.00', '24.00'),
(209, 'Allen Sibala', 'SALE', '2019-11-04 02:50:00', '13.00', '0.00', '13.00', '0.00', '13.00'),
(210, '', 'SALE', '2019-11-04 05:20:00', '6.00', '0.00', '6.00', '0.00', '6.00'),
(211, '', 'SALE', '2019-11-04 05:25:00', '9.00', '3.00', '12.00', '0.00', '12.00'),
(212, 'Nectarina C.', 'SALE', '2019-11-04 06:15:00', '11.00', '0.00', '11.00', '0.00', '11.00'),
(213, '', 'SALE', '2019-11-04 06:25:00', '8.00', '0.00', '8.00', '0.00', '8.00'),
(214, 'Shem Casimiro', 'SALE', '2019-11-04 07:35:00', '2.00', '0.00', '2.00', '0.00', '2.00'),
(215, '', 'SALE', '2019-11-04 07:40:00', '4.00', '0.00', '4.00', '0.00', '4.00'),
(216, '', 'SALE', '2019-11-04 07:40:00', '6.00', '0.00', '6.00', '0.00', '6.00'),
(217, '', 'SALE', '2019-11-04 07:51:00', '45.00', '7.00', '52.00', '0.00', '52.00'),
(218, 'Mutya K.', 'SALE', '2019-11-04 08:30:00', '11.00', '0.00', '11.00', '0.00', '11.00'),
(219, '', 'SALE', '2019-11-04 12:00:00', '5.00', '0.00', '5.00', '0.00', '5.00'),
(220, '', 'SALE', '2019-11-05 01:00:00', '25.00', '0.00', '25.00', '0.00', '25.00'),
(221, '', 'SALE', '2019-11-05 01:30:00', '18.00', '2.00', '20.00', '0.00', '20.00'),
(222, '', 'SALE', '2019-11-05 01:30:00', '18.00', '2.00', '20.00', '0.00', '20.00'),
(223, '', 'SALE', '2019-11-05 01:30:00', '10.00', '0.00', '10.00', '0.00', '10.00'),
(224, '', 'SALE', '2019-11-05 01:31:00', '10.00', '0.00', '10.00', '0.00', '10.00'),
(225, '', 'SALE', '2019-11-05 01:40:00', '4.00', '0.00', '4.00', '0.00', '4.00'),
(226, '', 'SALE', '2019-11-05 01:45:00', '3.00', '0.00', '3.00', '0.00', '3.00'),
(227, '', 'SALE', '2019-11-05 01:55:00', '47.50', '4.50', '52.00', '0.00', '52.00'),
(228, '', 'SALE', '2019-11-05 02:20:00', '4.00', '0.00', '4.00', '0.00', '4.00'),
(229, '', 'SALE', '2019-11-05 03:00:00', '10.00', '0.00', '10.00', '0.00', '10.00'),
(230, '', 'SALE', '2019-11-05 03:00:00', '6.00', '0.00', '6.00', '0.00', '6.00'),
(231, '', 'SALE', '2019-11-05 03:01:00', '8.00', '0.00', '8.00', '0.00', '8.00'),
(232, '', 'SALE', '2019-11-05 03:03:00', '8.00', '0.00', '8.00', '0.00', '8.00'),
(233, '', 'SALE', '2019-11-05 03:20:00', '19.00', '3.00', '22.00', '0.00', '22.00'),
(234, '', 'SALE', '2019-11-05 03:25:00', '10.00', '0.00', '10.00', '0.00', '10.00'),
(235, '', 'SALE', '2019-11-05 03:30:00', '10.00', '0.00', '10.00', '0.00', '10.00'),
(236, '', 'SALE', '2019-11-05 04:00:00', '2.00', '0.00', '2.00', '0.00', '2.00'),
(237, '', 'SALE', '2019-11-05 04:00:00', '5.00', '0.00', '5.00', '0.00', '5.00'),
(238, 'gabriella moreno', 'SALE', '2019-11-05 04:15:00', '7.00', '0.00', '7.00', '0.00', '7.00'),
(239, '', 'SALE', '2019-11-05 06:30:00', '4.00', '0.00', '4.00', '0.00', '4.00'),
(240, '', 'SALE', '2019-11-05 06:40:00', '4.00', '0.00', '4.00', '0.00', '4.00'),
(241, '', 'SALE', '2019-11-05 06:45:00', '5.00', '0.00', '5.00', '0.00', '5.00'),
(242, 'Jhondrex', 'SALE', '2019-11-05 06:45:00', '47.50', '2.50', '50.00', '0.00', '50.00'),
(243, '', 'SALE', '2019-11-05 07:24:00', '16.00', '0.00', '16.00', '0.00', '16.00'),
(244, '', 'SALE', '2019-11-05 07:40:00', '6.00', '0.00', '6.00', '0.00', '6.00'),
(245, '', 'SALE', '2019-11-05 08:40:00', '24.00', '0.00', '24.00', '0.00', '24.00'),
(246, '', 'SALE', '2019-11-05 08:40:00', '15.00', '0.00', '15.00', '0.00', '15.00'),
(247, 'Harry K.', 'SALE', '2019-11-05 08:45:00', '95.00', '5.00', '100.00', '0.00', '100.00'),
(248, '', 'SALE', '2019-11-06 01:00:00', '7.00', '0.00', '7.00', '0.00', '7.00'),
(249, '', 'SALE', '2019-11-06 01:00:00', '4.00', '0.00', '4.00', '0.00', '4.00'),
(250, '', 'SALE', '2019-11-06 01:00:00', '6.00', '0.00', '6.00', '0.00', '6.00'),
(251, '', 'SALE', '2019-11-06 01:00:00', '9.50', '0.00', '9.50', '0.00', '9.50'),
(252, 'Hans K.', 'SALE', '2019-11-06 02:00:00', '95.00', '5.00', '100.00', '0.00', '100.00'),
(253, '', 'SALE', '2019-11-07 01:20:00', '4.00', '0.00', '4.00', '0.00', '4.00'),
(254, '', 'SALE', '2019-11-07 01:50:00', '10.00', '0.00', '10.00', '0.00', '10.00'),
(255, '', 'SALE', '2019-11-07 01:50:00', '10.00', '0.00', '10.00', '0.00', '10.00'),
(256, '', 'SALE', '2019-11-07 01:50:00', '7.00', '0.00', '7.00', '0.00', '7.00'),
(257, 'Estella C.', 'SALE', '2019-11-07 01:50:00', '3.00', '0.00', '3.00', '0.00', '3.00'),
(258, '', 'SALE', '2019-11-07 01:50:00', '4.00', '0.00', '4.00', '0.00', '4.00'),
(259, '', 'SALE', '2019-11-07 01:50:00', '4.00', '0.00', '4.00', '0.00', '4.00'),
(260, 'Denalie', 'SALE', '2019-11-07 01:50:00', '10.00', '0.00', '10.00', '0.00', '10.00'),
(261, '', 'SALE', '2019-11-07 01:50:00', '150.00', '0.00', '150.00', '0.00', '150.00'),
(262, '', 'SALE', '2019-11-07 01:50:00', '4.00', '0.00', '4.00', '0.00', '4.00'),
(263, 'Estella C.', 'SALE', '2019-11-07 01:50:00', '7.00', '0.00', '7.00', '0.00', '7.00'),
(264, '', 'SALE', '2019-11-07 02:00:00', '8.00', '0.00', '8.00', '0.00', '8.00'),
(265, '', 'SALE', '2019-11-07 02:00:00', '5.00', '0.00', '5.00', '0.00', '5.00'),
(266, '', 'SALE', '2019-11-07 02:00:00', '47.50', '4.50', '52.00', '0.00', '52.00'),
(267, '', 'SALE', '2019-11-07 03:45:00', '17.00', '0.00', '17.00', '0.00', '17.00'),
(268, '', 'SALE', '2019-11-07 03:55:00', '5.00', '0.00', '5.00', '0.00', '5.00'),
(269, '', 'SALE', '2019-11-07 05:10:00', '12.00', '0.00', '12.00', '0.00', '12.00'),
(270, '', 'SALE', '2019-11-07 05:10:00', '4.00', '0.00', '4.00', '0.00', '4.00'),
(271, '', 'SALE', '2019-11-07 05:10:00', '2.00', '0.00', '2.00', '0.00', '2.00'),
(272, 'Tristan Kyle David', 'SALE', '2019-11-07 06:15:00', '10.00', '0.00', '10.00', '0.00', '10.00'),
(273, '', 'SALE', '2019-11-07 06:35:00', '22.00', '0.00', '22.00', '0.00', '22.00'),
(274, '', 'SALE', '2019-11-07 06:35:00', '2.00', '0.00', '2.00', '0.00', '2.00'),
(275, '', 'SALE', '2019-11-07 06:35:00', '7.00', '0.00', '7.00', '0.00', '7.00'),
(276, '', 'SALE', '2019-11-07 07:10:00', '22.00', '0.00', '22.00', '0.00', '22.00'),
(277, '', 'SALE', '2019-11-07 07:10:00', '7.00', '0.00', '7.00', '0.00', '7.00'),
(278, '', 'SALE', '2019-11-07 07:15:00', '5.00', '0.00', '5.00', '0.00', '5.00'),
(279, '', 'SALE', '2019-11-07 08:15:00', '4.00', '0.00', '4.00', '0.00', '4.00'),
(280, '', 'SALE', '2019-11-07 08:15:00', '4.00', '0.00', '4.00', '0.00', '4.00'),
(281, '', 'SALE', '2019-11-07 08:20:00', '5.00', '0.00', '5.00', '0.00', '5.00'),
(282, '', 'SALE', '2019-11-07 08:22:00', '19.00', '3.00', '22.00', '0.00', '22.00'),
(283, '', 'SALE', '2019-11-07 08:30:00', '10.00', '0.00', '10.00', '0.00', '10.00'),
(284, '', 'SALE', '2019-11-07 08:50:00', '10.00', '0.00', '10.00', '0.00', '10.00'),
(285, '', 'SALE', '2019-11-07 08:51:00', '10.00', '0.00', '10.00', '0.00', '10.00'),
(286, '', 'SALE', '2019-11-07 08:55:00', '7.00', '0.00', '7.00', '0.00', '7.00'),
(287, 'Estella C.', 'SALE', '2019-11-08 00:50:00', '16.50', '0.00', '16.50', '0.00', '16.50'),
(288, '', 'SALE', '2019-11-08 01:55:00', '10.00', '0.00', '10.00', '0.00', '10.00'),
(289, '', 'SALE', '2019-11-08 01:55:00', '30.00', '0.00', '30.00', '0.00', '30.00'),
(290, '', 'SALE', '2019-11-08 01:55:00', '12.00', '0.00', '12.00', '0.00', '12.00'),
(291, 'Mardy', 'SALE', '2019-11-08 01:55:00', '460.00', '0.00', '460.00', '0.00', '460.00'),
(292, '', 'SALE', '2019-11-08 01:55:00', '36.00', '0.00', '36.00', '0.00', '36.00'),
(293, '', 'SALE', '2019-11-08 02:00:00', '29.00', '0.00', '29.00', '0.00', '29.00'),
(294, '', 'SALE', '2019-11-08 02:50:00', '8.00', '0.00', '8.00', '0.00', '8.00'),
(295, '', 'SALE', '2019-11-08 03:20:00', '47.50', '4.50', '52.00', '0.00', '52.00'),
(296, '', 'SALE', '2019-11-08 03:25:00', '19.00', '3.00', '22.00', '0.00', '22.00'),
(297, '', 'SALE', '2019-11-08 03:30:00', '12.00', '0.00', '12.00', '0.00', '12.00'),
(298, '', 'SALE', '2019-11-08 03:30:00', '12.00', '0.00', '12.00', '0.00', '12.00'),
(299, '', 'SALE', '2019-11-08 05:20:00', '47.50', '4.50', '52.00', '0.00', '52.00'),
(300, 'Denalie C.', 'SALE', '2019-11-08 07:10:00', '35.00', '0.00', '35.00', '0.00', '35.00'),
(301, '', 'SALE', '2019-11-08 07:20:00', '19.00', '3.00', '22.00', '0.00', '22.00'),
(302, '', 'SALE', '2019-11-08 07:20:00', '47.50', '2.50', '50.00', '0.00', '50.00'),
(303, '', 'SALE', '2019-11-08 08:27:00', '95.00', '7.00', '102.00', '0.00', '102.00'),
(304, '', 'SALE', '2019-11-08 09:00:00', '20.00', '0.00', '20.00', '0.00', '20.00'),
(305, '', 'SALE', '2019-11-08 11:19:00', '2.00', '0.00', '2.00', '0.00', '2.00'),
(306, '', 'SALE', '2019-11-08 11:19:00', '5.00', '0.00', '5.00', '0.00', '5.00'),
(307, 'Bossings Tindera', 'SALE', '2019-11-09 03:00:00', '9.50', '2.50', '12.00', '0.00', '12.00'),
(308, 'Laurel C.', 'SALE', '2019-11-09 04:00:00', '19.00', '1.00', '20.00', '0.00', '20.00'),
(309, '', 'SALE', '2019-11-09 05:00:00', '47.50', '4.50', '52.00', '0.00', '52.00'),
(310, 'Milarose K.', 'SALE', '2019-11-09 06:00:00', '2.00', '0.00', '2.00', '0.00', '2.00'),
(311, 'Rolando Valencia', 'SALE', '2019-11-09 07:00:00', '47.50', '2.50', '50.00', '0.00', '50.00'),
(312, 'Harry', 'SALE', '2019-11-09 07:05:00', '7.00', '0.00', '7.00', '0.00', '7.00'),
(313, 'Harry', 'SALE', '2019-11-09 07:06:00', '8.00', '0.00', '8.00', '0.00', '8.00'),
(314, 'Mardy', 'SALE', '2019-11-09 08:00:00', '381.00', '0.00', '381.00', '0.00', '381.00'),
(315, '', 'SALE', '2019-11-09 08:00:00', '47.50', '4.50', '52.00', '0.00', '52.00'),
(316, 'Mardy', 'SALE', '2019-11-09 08:30:00', '21.00', '0.00', '21.00', '0.00', '21.00'),
(317, 'Mutya K.', 'SALE', '2019-11-09 11:00:00', '19.00', '1.00', '20.00', '0.00', '20.00'),
(318, '', 'SALE', '2019-11-09 11:05:00', '95.00', '7.00', '102.00', '0.00', '102.00'),
(319, '', 'SALE', '2019-11-09 11:05:00', '11.00', '0.00', '11.00', '0.00', '11.00'),
(320, '', 'SALE', '2019-11-09 11:06:00', '95.00', '7.00', '102.00', '0.00', '102.00'),
(321, 'Velma R.', 'SALE', '2019-11-10 07:00:00', '50.00', '0.00', '50.00', '0.00', '50.00'),
(322, '', 'SALE', '2019-11-10 07:00:00', '10.00', '0.00', '10.00', '0.00', '10.00'),
(323, '', 'SALE', '2019-11-10 07:00:00', '10.00', '0.00', '10.00', '0.00', '10.00'),
(324, '', 'SALE', '2019-11-10 07:00:00', '15.00', '0.00', '15.00', '0.00', '15.00'),
(325, 'Velma R.', 'SALE', '2019-11-10 07:00:00', '35.00', '0.00', '35.00', '0.00', '35.00'),
(326, 'Estella C.', 'SALE', '2019-11-10 07:00:00', '16.00', '0.00', '16.00', '0.00', '16.00'),
(327, 'Estella C.', 'SALE', '2019-11-10 11:06:00', '9.00', '1.00', '10.00', '0.00', '10.00'),
(328, '', 'SALE', '2019-11-11 01:06:00', '18.00', '4.00', '22.00', '0.00', '22.00'),
(329, '', 'SALE', '2019-11-11 01:35:00', '12.00', '0.00', '12.00', '0.00', '12.00'),
(330, 'Bossings Tindera', 'SALE', '2019-11-11 01:50:00', '9.00', '3.00', '12.00', '0.00', '12.00'),
(331, '', 'SALE', '2019-11-11 01:57:00', '10.00', '0.00', '10.00', '0.00', '10.00'),
(332, 'Bossings Tindera', 'SALE', '2019-11-11 02:00:00', '3.00', '0.00', '3.00', '0.00', '3.00'),
(333, 'Milarose K.', 'SALE', '2019-11-11 02:00:00', '10.00', '0.00', '10.00', '0.00', '10.00'),
(334, '', 'SALE', '2019-11-11 02:52:00', '7.00', '0.00', '7.00', '0.00', '7.00'),
(335, 'Laurel C.', 'SALE', '2019-11-11 03:00:00', '8.00', '0.00', '8.00', '0.00', '8.00'),
(336, '', 'SALE', '2019-11-11 04:20:00', '9.00', '0.00', '9.00', '0.00', '9.00'),
(337, '', 'SALE', '2019-11-11 04:30:00', '10.00', '0.00', '10.00', '0.00', '10.00'),
(338, '', 'SALE', '2019-11-11 05:12:00', '2.00', '0.00', '2.00', '0.00', '2.00'),
(339, 'Karen Fuston', 'SALE', '2019-11-11 05:15:00', '90.00', '10.00', '100.00', '0.00', '100.00'),
(340, '', 'SALE', '2019-11-11 05:43:00', '37.00', '0.00', '37.00', '0.00', '37.00'),
(341, '', 'SALE', '2019-11-11 06:50:00', '18.00', '2.00', '20.00', '0.00', '20.00'),
(342, '', 'SALE', '2019-11-11 06:50:00', '18.00', '2.00', '20.00', '0.00', '20.00'),
(343, '', 'SALE', '2019-11-11 06:50:00', '18.00', '2.00', '20.00', '0.00', '20.00'),
(344, 'Mardy', 'SALE', '2019-11-11 07:00:00', '159.00', '0.00', '159.00', '0.00', '159.00'),
(345, 'Jhondrex', 'SALE', '2019-11-11 07:45:00', '45.00', '5.00', '50.00', '0.00', '50.00'),
(346, '', 'SALE', '2019-11-11 08:05:00', '45.00', '7.00', '52.00', '0.00', '52.00'),
(347, '', 'SALE', '2019-11-11 08:10:00', '18.00', '4.00', '22.00', '0.00', '22.00'),
(348, '', 'SALE', '2019-11-11 09:00:00', '353.00', '0.00', '353.00', '0.00', '353.00'),
(349, '', 'SALE', '2019-11-11 09:30:00', '3.50', '0.00', '3.50', '0.00', '3.50'),
(350, '', 'SALE', '2019-11-11 09:35:00', '7.00', '0.00', '7.00', '0.00', '7.00'),
(351, '', 'SALE', '2019-11-11 09:35:00', '7.00', '0.00', '7.00', '0.00', '7.00'),
(352, '', 'SALE', '2019-11-11 10:00:00', '18.00', '4.00', '22.00', '0.00', '22.00'),
(353, '', 'SALE', '2019-11-11 10:27:00', '25.00', '0.00', '25.00', '0.00', '25.00'),
(354, '', 'SALE', '2019-11-11 11:10:00', '18.00', '4.00', '22.00', '0.00', '22.00'),
(355, 'non-student', 'SALE', '2019-11-11 11:23:00', '52.00', '0.00', '52.00', '0.00', '52.00'),
(356, '', 'SALE', '2019-11-11 11:50:00', '9.00', '3.00', '12.00', '0.00', '12.00'),
(357, 'trabehante dentistry', 'SALE', '2019-11-11 11:55:00', '18.00', '4.00', '22.00', '0.00', '22.00'),
(358, 'Harry', 'SALE', '2019-11-12 01:20:00', '11.00', '0.00', '11.00', '0.00', '11.00'),
(359, '', 'SALE', '2019-11-12 01:20:00', '6.00', '0.00', '6.00', '0.00', '6.00'),
(360, '', 'SALE', '2019-11-12 04:20:00', '35.00', '0.00', '35.00', '0.00', '35.00'),
(361, '', 'SALE', '2019-11-12 04:20:00', '17.00', '0.00', '17.00', '0.00', '17.00'),
(362, '', 'SALE', '2019-11-12 04:20:00', '14.00', '0.00', '14.00', '0.00', '14.00'),
(363, '', 'SALE', '2019-11-12 07:00:00', '3.00', '0.00', '3.00', '0.00', '3.00'),
(364, 'Nectarina C.', 'SALE', '2019-11-12 07:28:00', '19.00', '1.00', '20.00', '0.00', '20.00'),
(365, 'Nectarina C.', 'SALE', '2019-11-12 07:28:00', '95.00', '5.00', '100.00', '0.00', '100.00'),
(366, '', 'SALE', '2019-11-12 07:30:00', '4.00', '0.00', '4.00', '0.00', '4.00'),
(367, '', 'SALE', '2019-11-12 08:12:00', '15.00', '0.00', '15.00', '0.00', '15.00'),
(368, 'Golda L.', 'SALE', '2019-11-12 08:20:00', '34.00', '0.00', '34.00', '0.00', '34.00'),
(369, 'Golda L.', 'SALE', '2019-11-12 08:20:00', '24.00', '0.00', '24.00', '0.00', '24.00'),
(370, '', 'SALE', '2019-11-12 08:48:00', '32.00', '0.00', '32.00', '0.00', '32.00'),
(371, '', 'SALE', '2019-11-12 10:18:00', '36.00', '0.00', '36.00', '0.00', '36.00'),
(372, '', 'SALE', '2019-11-12 10:50:00', '1.00', '0.00', '1.00', '0.00', '1.00'),
(373, '', 'SALE', '2019-11-12 10:52:00', '12.00', '0.00', '12.00', '0.00', '12.00'),
(374, '', 'SALE', '2019-11-12 11:20:00', '42.00', '0.00', '42.00', '0.00', '42.00'),
(375, '', 'SALE', '2019-11-12 11:20:00', '4.00', '0.00', '4.00', '0.00', '4.00'),
(376, '', 'SALE', '2019-11-12 11:20:00', '6.00', '0.00', '6.00', '0.00', '6.00'),
(377, '', 'SALE', '2019-11-12 11:20:00', '95.00', '7.00', '102.00', '0.00', '102.00'),
(378, '', 'SALE', '2019-11-12 12:00:00', '22.00', '0.00', '22.00', '0.00', '22.00'),
(379, '', 'SALE', '2019-11-12 12:00:00', '19.00', '3.00', '22.00', '0.00', '22.00'),
(380, 'Denalie C.', 'SALE', '2019-11-12 22:30:00', '47.50', '2.50', '50.00', '0.00', '50.00'),
(381, '', 'SALE', '2019-11-13 00:30:00', '28.50', '3.50', '32.00', '0.00', '32.00'),
(382, '', 'SALE', '2019-11-13 00:45:00', '6.00', '0.00', '6.00', '0.00', '6.00'),
(383, '', 'SALE', '2019-11-13 01:00:00', '2.00', '0.00', '2.00', '0.00', '2.00'),
(384, '', 'SALE', '2019-11-13 01:00:00', '7.00', '0.00', '7.00', '0.00', '7.00'),
(385, '', 'SALE', '2019-11-13 01:05:00', '6.00', '0.00', '6.00', '0.00', '6.00'),
(386, '', 'SALE', '2019-11-13 01:18:00', '2.00', '0.00', '2.00', '0.00', '2.00'),
(387, '', 'SALE', '2019-11-13 01:18:00', '2.00', '0.00', '2.00', '0.00', '2.00'),
(388, '', 'SALE', '2019-11-13 01:19:00', '4.00', '0.00', '4.00', '0.00', '4.00'),
(389, '', 'SALE', '2019-11-13 01:19:00', '2.00', '0.00', '2.00', '0.00', '2.00'),
(390, '', 'SALE', '2019-11-13 01:45:00', '28.00', '0.00', '28.00', '0.00', '28.00'),
(391, '', 'SALE', '2019-11-13 01:51:00', '2.00', '0.00', '2.00', '0.00', '2.00'),
(392, '', 'SALE', '2019-11-13 02:02:00', '6.00', '0.00', '6.00', '0.00', '6.00'),
(393, '', 'SALE', '2019-11-13 04:34:00', '7.00', '0.00', '7.00', '0.00', '7.00'),
(394, '', 'SALE', '2019-11-13 04:35:00', '10.00', '0.00', '10.00', '0.00', '10.00'),
(395, '', 'SALE', '2019-11-13 04:37:00', '4.00', '0.00', '4.00', '0.00', '4.00'),
(396, '', 'SALE', '2019-11-13 04:40:00', '6.00', '0.00', '6.00', '0.00', '6.00'),
(397, '', 'SALE', '2019-11-13 04:40:00', '9.00', '0.00', '9.00', '0.00', '9.00'),
(398, '', 'SALE', '2019-11-13 04:54:00', '7.00', '0.00', '7.00', '0.00', '7.00'),
(399, '', 'SALE', '2019-11-13 04:56:00', '8.00', '0.00', '8.00', '0.00', '8.00'),
(400, '', 'SALE', '2019-11-13 05:00:00', '95.00', '5.00', '100.00', '0.00', '100.00'),
(401, '', 'SALE', '2019-11-13 05:00:00', '47.50', '4.50', '52.00', '0.00', '52.00'),
(402, '', 'SALE', '2019-11-13 06:30:00', '4.00', '0.00', '4.00', '0.00', '4.00'),
(403, 'Milarose K.', 'SALE', '2019-11-13 06:30:00', '10.00', '0.00', '10.00', '0.00', '10.00'),
(404, '', 'SALE', '2019-11-13 06:40:00', '6.00', '0.00', '6.00', '0.00', '6.00'),
(405, '', 'SALE', '2019-11-13 07:28:00', '6.00', '0.00', '6.00', '0.00', '6.00'),
(406, '', 'SALE', '2019-11-13 08:18:00', '47.50', '4.50', '52.00', '0.00', '52.00'),
(407, '', 'SALE', '2019-11-13 08:19:00', '5.00', '0.00', '5.00', '0.00', '5.00'),
(408, '', 'SALE', '2019-11-13 08:19:00', '8.00', '0.00', '8.00', '0.00', '8.00'),
(409, '', 'SALE', '2019-11-13 08:36:00', '3.00', '0.00', '3.00', '0.00', '3.00'),
(410, '', 'SALE', '2019-11-13 08:36:00', '15.00', '0.00', '15.00', '0.00', '15.00'),
(411, '', 'SALE', '2019-11-13 08:36:00', '28.00', '0.00', '28.00', '0.00', '28.00'),
(412, '', 'SALE', '2019-11-13 09:00:00', '19.00', '3.00', '22.00', '0.00', '22.00'),
(413, '', 'SALE', '2019-11-13 09:47:00', '13.00', '0.00', '13.00', '0.00', '13.00'),
(414, 'Estella C.', 'SALE', '2019-11-13 11:40:00', '7.00', '0.00', '7.00', '0.00', '7.00'),
(415, '', 'SALE', '2019-11-13 12:00:00', '19.00', '3.00', '22.00', '0.00', '22.00'),
(416, 'Mutya K.', 'SALE', '2019-11-13 12:00:00', '20.00', '0.00', '20.00', '0.00', '20.00'),
(417, 'Denalie C.', 'SALE', '2019-11-13 14:00:00', '47.50', '2.50', '50.00', '0.00', '50.00'),
(418, '', 'SALE', '2019-11-14 00:00:00', '3.00', '0.00', '3.00', '0.00', '3.00'),
(419, 'Harry K.', 'SALE', '2019-11-14 00:40:00', '20.00', '0.00', '20.00', '0.00', '0.00'),
(420, '', 'SALE', '2019-11-14 01:00:00', '47.50', '4.50', '52.00', '0.00', '52.00'),
(421, '', 'SALE', '2019-11-14 02:10:00', '4.00', '0.00', '4.00', '0.00', '4.00'),
(422, '', 'SALE', '2019-11-14 03:11:00', '19.00', '3.00', '22.00', '0.00', '22.00'),
(423, '', 'SALE', '2019-11-14 03:30:00', '2.00', '0.00', '2.00', '0.00', '2.00'),
(424, '', 'SALE', '2019-11-14 04:00:00', '11.00', '0.00', '11.00', '0.00', '11.00'),
(425, 'Jhondrex', 'SALE', '2019-11-14 04:10:00', '19.00', '1.00', '20.00', '0.00', '20.00'),
(426, '', 'SALE', '2019-11-14 04:30:00', '250.00', '0.00', '250.00', '0.00', '250.00'),
(427, '', 'SALE', '2019-11-14 04:50:00', '47.50', '4.50', '50.00', '0.00', '50.00'),
(428, '', 'SALE', '2019-11-14 04:50:00', '19.00', '1.00', '20.00', '0.00', '20.00'),
(429, '', 'SALE', '2019-11-14 04:50:00', '47.50', '4.50', '52.00', '0.00', '52.00'),
(430, '', 'SALE', '2019-11-14 05:49:00', '12.00', '0.00', '12.00', '0.00', '12.00'),
(431, '', 'SALE', '2019-11-14 06:20:00', '47.50', '2.50', '50.00', '0.00', '50.00'),
(432, '', 'SALE', '2019-11-14 06:20:00', '27.00', '3.00', '30.00', '0.00', '30.00'),
(433, '', 'SALE', '2019-11-14 06:38:00', '6.00', '0.00', '6.00', '0.00', '6.00'),
(434, 'Hans K.', 'SALE', '2019-11-14 11:20:00', '95.00', '5.00', '100.00', '0.00', '100.00'),
(435, '', 'SALE', '2019-11-14 11:20:00', '28.50', '3.50', '32.00', '0.00', '32.00'),
(436, '', 'SALE', '2019-11-14 12:00:00', '95.00', '5.00', '100.00', '0.00', '100.00'),
(437, 'Student', 'SALE', '2019-11-14 12:00:00', '95.00', '5.00', '100.00', '0.00', '100.00'),
(438, 'Tita Jo', 'SALE', '2019-11-14 14:00:00', '19.00', '3.00', '20.00', '2.00', '20.00'),
(439, '', 'SALE', '2019-11-15 00:00:00', '4.00', '0.00', '4.00', '0.00', '4.00'),
(440, '', 'SALE', '2019-11-15 01:00:00', '7.00', '0.00', '7.00', '0.00', '7.00'),
(441, '', 'SALE', '2019-11-15 03:00:00', '2.00', '0.00', '2.00', '0.00', '2.00'),
(442, '', 'SALE', '2019-11-15 04:30:00', '44.00', '0.00', '44.00', '0.00', '44.00'),
(443, 'Jing2x', 'SALE', '2019-11-15 04:30:00', '6.00', '0.00', '6.00', '0.00', '6.00'),
(444, '', 'SALE', '2019-11-15 07:00:00', '9.00', '3.00', '12.00', '0.00', '12.00'),
(445, '', 'SALE', '2019-11-15 07:05:00', '5.00', '0.00', '5.00', '0.00', '5.00'),
(446, '', 'SALE', '2019-11-15 07:39:00', '5.00', '0.00', '5.00', '0.00', '5.00'),
(447, '', 'SALE', '2019-11-15 09:00:00', '12.00', '0.00', '12.00', '0.00', '12.00'),
(448, '', 'SALE', '2019-11-15 10:12:00', '4.00', '0.00', '4.00', '0.00', '4.00'),
(449, '', 'SALE', '2019-11-15 10:20:00', '95.00', '7.00', '100.00', '0.00', '100.00'),
(450, 'Kuya Mo', 'SALE', '2019-11-15 11:25:00', '95.00', '5.00', '100.00', '0.00', '100.00'),
(451, '', 'SALE', '2019-11-15 11:55:00', '47.50', '2.50', '50.00', '0.00', '50.00'),
(452, 'Laurel C.', 'SALE', '2019-11-15 12:30:00', '19.00', '1.00', '20.00', '0.00', '20.00'),
(453, 'Milarose K.', 'SALE', '2019-11-16 01:00:00', '47.50', '2.50', '50.00', '0.00', '50.00'),
(454, 'Milarose K.', 'SALE', '2019-11-16 01:00:00', '27.00', '3.00', '30.00', '0.00', '30.00'),
(455, '', 'SALE', '2019-11-16 01:00:00', '16.00', '0.00', '16.00', '0.00', '16.00'),
(456, '', 'SALE', '2019-11-16 01:00:00', '7.00', '0.00', '7.00', '0.00', '7.00'),
(457, 'Milarose K.', 'SALE', '2019-11-16 02:00:00', '20.00', '0.00', '20.00', '0.00', '20.00'),
(458, '', 'SALE', '2019-11-16 05:00:00', '47.50', '4.50', '52.00', '0.00', '52.00'),
(459, 'Bernie C.', 'SALE', '2019-11-16 06:00:00', '25.00', '0.00', '25.00', '0.00', '25.00'),
(460, '', 'SALE', '2019-11-16 06:00:00', '6.00', '0.00', '6.00', '0.00', '6.00'),
(461, 'Harry K.', 'SALE', '2019-11-16 07:28:00', '90.00', '10.00', '100.00', '0.00', '100.00'),
(462, '', 'SALE', '2019-11-16 07:43:00', '12.00', '0.00', '12.00', '0.00', '12.00'),
(463, 'Jhondrex', 'SALE', '2019-11-16 08:55:00', '47.50', '2.50', '50.00', '0.00', '50.00'),
(464, '', 'SALE', '2019-11-16 09:08:00', '95.00', '5.00', '100.00', '0.00', '100.00'),
(465, '', 'SALE', '2019-11-16 09:28:00', '47.50', '2.50', '50.00', '0.00', '50.00'),
(466, '', 'SALE', '2019-11-16 11:08:00', '22.00', '0.00', '22.00', '0.00', '22.00'),
(467, '', 'SALE', '2019-11-17 01:00:00', '2.00', '0.00', '2.00', '0.00', '2.00'),
(468, '', 'SALE', '2019-11-17 11:00:00', '47.50', '4.50', '52.00', '0.00', '52.00'),
(469, 'Tita Jo', 'SALE', '2019-11-17 11:00:00', '90.00', '10.00', '100.00', '0.00', '100.00'),
(470, 'Tita Jo', 'SALE', '2019-11-17 11:00:00', '90.00', '10.00', '100.00', '0.00', '100.00'),
(471, '', 'SALE', '2019-11-17 11:00:00', '5.00', '0.00', '5.00', '0.00', '5.00'),
(472, '', 'SALE', '2019-11-18 01:00:00', '12.00', '0.00', '12.00', '0.00', '12.00'),
(473, '', 'SALE', '2019-11-18 01:00:00', '36.00', '0.00', '36.00', '0.00', '36.00'),
(474, '', 'SALE', '2019-11-18 02:55:00', '6.00', '0.00', '6.00', '0.00', '6.00'),
(475, '', 'SALE', '2019-11-18 02:55:00', '27.00', '3.00', '30.00', '0.00', '30.00'),
(476, '', 'SALE', '2019-11-18 03:05:00', '9.00', '3.00', '12.00', '0.00', '12.00'),
(477, '', 'SALE', '2019-11-18 03:15:00', '20.00', '0.00', '20.00', '0.00', '20.00'),
(478, '', 'SALE', '2019-11-18 03:20:00', '4.00', '0.00', '4.00', '0.00', '4.00'),
(479, '', 'SALE', '2019-11-18 03:35:00', '12.00', '0.00', '12.00', '0.00', '12.00'),
(480, '', 'SALE', '2019-11-18 03:39:00', '8.00', '0.00', '8.00', '0.00', '8.00'),
(481, '', 'SALE', '2019-11-18 04:10:00', '8.00', '0.00', '8.00', '0.00', '8.00'),
(482, 'Estella C.', 'SALE', '2019-11-18 04:10:00', '14.00', '0.00', '14.00', '0.00', '14.00'),
(483, '', 'SALE', '2019-11-18 05:30:00', '9.00', '3.00', '12.00', '0.00', '12.00'),
(484, '', 'SALE', '2019-11-18 05:40:00', '4.00', '0.00', '4.00', '0.00', '4.00'),
(485, '', 'SALE', '2019-11-19 01:00:00', '18.00', '0.00', '18.00', '0.00', '18.00'),
(486, '', 'SALE', '2019-11-19 01:00:00', '16.00', '0.00', '16.00', '0.00', '16.00'),
(487, '', 'SALE', '2019-11-19 01:00:00', '7.00', '0.00', '7.00', '0.00', '7.00'),
(488, '', 'SALE', '2019-11-19 01:00:00', '23.00', '0.00', '23.00', '0.00', '23.00'),
(489, '', 'SALE', '2019-11-19 01:00:00', '21.00', '0.00', '21.00', '0.00', '21.00'),
(490, '', 'SALE', '2019-11-19 01:00:00', '6.00', '0.00', '6.00', '0.00', '6.00'),
(491, 'Tita Jo', 'SALE', '2019-11-19 09:30:00', '95.00', '5.00', '100.00', '0.00', '100.00'),
(492, 'Jhondrex', 'SALE', '2019-11-20 01:30:00', '47.50', '2.50', '50.00', '0.00', '50.00'),
(493, 'Estella C.', 'SALE', '2019-11-20 11:30:00', '9.50', '1.50', '11.00', '0.00', '11.00'),
(494, 'Denalie C.', 'SALE', '2019-11-20 11:30:00', '47.50', '2.50', '50.00', '0.00', '50.00'),
(495, 'Nectarina C.', 'SALE', '2019-11-20 13:10:00', '95.00', '5.00', '100.00', '0.00', '0.00'),
(496, 'Nectarina C.', 'SALE', '2019-11-20 13:10:00', '19.00', '1.00', '20.00', '0.00', '0.00'),
(497, 'Nectarina C.', 'SALE', '2019-11-20 13:10:00', '19.00', '1.00', '20.00', '0.00', '0.00'),
(498, '', 'SALE', '2019-11-21 01:00:00', '11.00', '0.00', '11.00', '0.00', '11.00'),
(499, '', 'SALE', '2019-11-21 01:00:00', '14.00', '0.00', '14.00', '0.00', '14.00'),
(500, '', 'SALE', '2019-11-21 01:00:00', '25.00', '0.00', '25.00', '0.00', '25.00'),
(501, '', 'SALE', '2019-11-21 01:00:00', '18.00', '0.00', '18.00', '0.00', '18.00'),
(502, '', 'SALE', '2019-11-21 01:00:00', '3.00', '0.00', '3.00', '0.00', '3.00'),
(503, '', 'SALE', '2019-11-21 01:00:00', '5.00', '0.00', '5.00', '0.00', '5.00'),
(504, '', 'SALE', '2019-11-22 00:40:00', '14.00', '0.00', '14.00', '0.00', '14.00'),
(505, '', 'SALE', '2019-11-22 00:54:00', '18.00', '0.00', '18.00', '0.00', '18.00'),
(506, '', 'SALE', '2019-11-22 00:55:00', '10.00', '0.00', '10.00', '0.00', '10.00'),
(507, '', 'SALE', '2019-11-22 01:08:00', '12.00', '0.00', '12.00', '0.00', '12.00'),
(508, '', 'SALE', '2019-11-22 01:09:00', '28.50', '3.50', '32.00', '0.00', '32.00'),
(509, '', 'SALE', '2019-11-22 01:42:00', '11.00', '0.00', '11.00', '0.00', '11.00'),
(510, '', 'SALE', '2019-11-22 03:36:00', '3.00', '0.00', '3.00', '0.00', '3.00'),
(511, '', 'SALE', '2019-11-22 04:30:00', '8.00', '0.00', '8.00', '0.00', '8.00'),
(512, '', 'SALE', '2019-11-22 05:51:00', '4.00', '0.00', '4.00', '0.00', '4.00'),
(513, '', 'SALE', '2019-11-22 06:26:00', '10.00', '0.00', '10.00', '0.00', '10.00'),
(514, '', 'SALE', '2019-11-22 07:20:00', '20.00', '0.00', '20.00', '0.00', '20.00'),
(515, '', 'SALE', '2019-11-22 07:20:00', '10.00', '0.00', '10.00', '0.00', '10.00'),
(516, '', 'SALE', '2019-11-22 07:25:00', '18.00', '0.00', '18.00', '0.00', '18.00'),
(517, '', 'SALE', '2019-11-22 07:46:00', '11.00', '0.00', '11.00', '0.00', '11.00'),
(518, '', 'SALE', '2019-11-22 08:35:00', '4.00', '0.00', '4.00', '0.00', '4.00'),
(519, 'Kid1', 'SALE', '2019-11-22 09:15:00', '44.00', '0.00', '44.00', '0.00', '44.00'),
(520, 'Kid1', 'SALE', '2019-11-22 09:15:00', '5.00', '0.00', '5.00', '0.00', '5.00'),
(521, '', 'SALE', '2019-11-22 09:45:00', '95.00', '5.00', '100.00', '0.00', '100.00'),
(522, '', 'SALE', '2019-11-22 09:45:00', '47.50', '4.50', '52.00', '0.00', '52.00'),
(523, '', 'SALE', '2019-11-22 09:48:00', '28.50', '1.50', '30.00', '0.00', '30.00'),
(524, '', 'SALE', '2019-11-22 10:00:00', '47.50', '4.50', '52.00', '0.00', '52.00'),
(525, '', 'SALE', '2019-11-23 01:00:00', '14.00', '0.00', '14.00', '0.00', '14.00'),
(526, '', 'SALE', '2019-11-23 01:00:00', '7.00', '0.00', '7.00', '0.00', '7.00'),
(527, '', 'SALE', '2019-11-23 01:00:00', '12.00', '0.00', '12.00', '0.00', '12.00'),
(528, '', 'SALE', '2019-11-23 01:00:00', '28.00', '0.00', '28.00', '0.00', '28.00'),
(529, 'Nectarina C.', 'SALE', '2019-11-23 01:00:00', '16.00', '0.00', '16.00', '0.00', '0.00'),
(530, 'Nectarina C.', 'SALE', '2019-11-23 01:00:00', '7.00', '0.00', '7.00', '0.00', '0.00'),
(531, 'Nectarina C.', 'SALE', '2019-11-23 01:00:00', '7.00', '0.00', '7.00', '0.00', '0.00'),
(532, 'Nectarina C.', 'SALE', '2019-11-23 01:00:00', '7.00', '0.00', '7.00', '0.00', '0.00'),
(533, 'Nectarina C.', 'SALE', '2019-11-23 01:00:00', '7.00', '0.00', '7.00', '0.00', '0.00'),
(534, 'Jhondrex', 'SALE', '2019-11-23 02:32:00', '47.50', '2.50', '50.00', '0.00', '50.00'),
(535, 'Mutya K.', 'SALE', '2019-11-23 15:21:00', '47.50', '2.50', '50.00', '0.00', '0.00'),
(536, 'Denalie C.', 'SALE', '2019-11-24 03:58:00', '45.00', '5.00', '50.00', '0.00', '50.00'),
(537, 'Milarose K.', 'SALE', '2019-11-24 12:00:00', '3.00', '0.00', '3.00', '0.00', '3.00'),
(538, 'Tita Jo', 'SALE', '2019-11-24 13:30:00', '90.00', '10.00', '100.00', '0.00', '100.00'),
(539, 'Tita Jo', 'SALE', '2019-11-24 13:30:00', '90.00', '10.00', '100.00', '0.00', '100.00'),
(540, 'Tita Jo', 'SALE', '2019-11-24 13:30:00', '90.00', '10.00', '100.00', '0.00', '100.00'),
(541, 'Tita Jo', 'SALE', '2019-11-24 13:30:00', '90.00', '10.00', '100.00', '0.00', '100.00'),
(542, 'Tita Jo', 'SALE', '2019-11-24 13:30:00', '90.00', '10.00', '100.00', '0.00', '100.00'),
(543, 'Laurel C.', 'SALE', '2019-11-24 14:10:00', '27.00', '3.00', '30.00', '0.00', '30.00'),
(544, '', 'SALE', '2019-11-26 00:15:00', '4.00', '0.00', '4.00', '0.00', '4.00'),
(545, 'Jhondrex', 'SALE', '2019-11-26 00:30:00', '19.00', '1.00', '20.00', '0.00', '20.00'),
(546, 'Guard', 'SALE', '2019-11-26 00:35:00', '19.00', '3.00', '22.00', '0.00', '22.00'),
(547, '', 'SALE', '2019-11-26 01:00:00', '12.00', '0.00', '12.00', '0.00', '12.00'),
(548, 'Estella C.', 'SALE', '2019-11-26 01:00:00', '22.00', '0.00', '22.00', '0.00', '22.00'),
(549, '', 'SALE', '2019-11-26 01:12:00', '24.00', '0.00', '24.00', '0.00', '24.00'),
(550, '', 'SALE', '2019-11-26 01:22:00', '4.00', '0.00', '4.00', '0.00', '4.00'),
(551, '', 'SALE', '2019-11-26 04:30:00', '47.50', '4.50', '52.00', '0.00', '52.00'),
(552, '', 'SALE', '2019-11-26 04:37:00', '8.00', '0.00', '8.00', '0.00', '8.00'),
(553, '', 'SALE', '2019-11-26 05:00:00', '35.00', '0.00', '35.00', '0.00', '35.00'),
(554, 'Karen Fuston', 'SALE', '2019-11-26 08:00:00', '95.00', '5.00', '100.00', '0.00', '100.00'),
(555, '', 'SALE', '2019-11-26 08:00:00', '11.00', '0.00', '11.00', '0.00', '11.00'),
(556, '', 'SALE', '2019-11-26 08:30:00', '4.00', '0.00', '4.00', '0.00', '4.00'),
(557, '', 'SALE', '2019-11-26 09:20:00', '47.50', '4.50', '52.00', '0.00', '52.00'),
(558, '', 'SALE', '2019-11-26 09:20:00', '9.50', '2.50', '12.00', '0.00', '12.00'),
(559, '', 'SALE', '2019-11-26 09:28:00', '2.00', '0.00', '2.00', '0.00', '2.00'),
(560, '', 'SALE', '2019-11-26 09:30:00', '8.00', '0.00', '8.00', '0.00', '8.00'),
(561, '', 'SALE', '2019-11-26 09:55:00', '40.00', '0.00', '40.00', '0.00', '40.00'),
(562, '', 'SALE', '2019-11-26 10:20:00', '4.00', '0.00', '4.00', '0.00', '4.00'),
(563, 'Bossings Tindera', 'SALE', '2019-11-26 10:40:00', '6.00', '0.00', '6.00', '0.00', '6.00'),
(564, 'Bossings Tindera', 'SALE', '2019-11-26 10:40:00', '6.00', '0.00', '6.00', '0.00', '6.00'),
(565, 'Bossings Tindera', 'SALE', '2019-11-26 10:40:00', '15.00', '0.00', '15.00', '0.00', '15.00'),
(566, 'Denalie C.', 'SALE', '2019-11-26 02:00:00', '60.00', '0.00', '60.00', '0.00', '60.00'),
(567, 'Milarose K.', 'SALE', '2019-11-27 01:15:14', '76.00', '4.00', '80.00', '0.00', '0.00'),
(568, '', 'RESTOCK', '2019-11-27 01:25:16', '192.00', '0.00', '192.00', '0.00', '138.00'),
(569, '', 'RESTOCK', '2019-11-27 01:29:34', '72.00', '0.00', '72.00', '0.00', '60.00'),
(570, 'Jhondrex', 'SALE', '2019-11-27 04:07:09', '47.50', '2.50', '50.00', '0.00', '50.00'),
(571, 'Estella C.', 'SALE', '2019-11-27 04:07:40', '7.00', '0.00', '7.00', '0.00', '10.00'),
(572, '', 'SALE', '2019-11-27 03:20:00', '10.00', '0.00', '10.00', '0.00', '10.00'),
(573, '', 'RESTOCK', '2019-11-27 04:44:54', '56.00', '0.00', '56.00', '0.00', '42.00'),
(574, '', 'SALE', '2019-11-27 05:48:20', '28.50', '3.50', '32.00', '0.00', '100.00'),
(575, 'Karen Fuston', 'SALE', '2019-11-27 05:48:40', '95.00', '5.00', '100.00', '0.00', '100.00'),
(576, '', 'SALE', '2019-11-27 06:04:53', '20.00', '0.00', '20.00', '0.00', '20.00'),
(577, '', 'SALE', '2019-11-27 06:07:10', '19.00', '3.00', '22.00', '0.00', '22.00'),
(578, '', 'SALE', '2019-11-27 06:16:48', '12.00', '0.00', '12.00', '0.00', '20.00'),
(579, '', 'SALE', '2019-11-27 06:27:50', '6.00', '4.00', '10.00', '0.00', '10.00'),
(580, '', 'SALE', '2019-11-27 06:43:32', '10.00', '0.00', '10.00', '0.00', '20.00'),
(581, '', 'SALE', '2019-11-27 07:37:08', '5.00', '0.00', '5.00', '0.00', '5.00'),
(582, '', 'SALE', '2019-11-27 08:09:36', '47.50', '4.50', '52.00', '0.00', '55.00'),
(583, '', 'SALE', '2019-11-27 09:00:29', '19.00', '3.00', '22.00', '0.00', '40.00'),
(584, '', 'SALE', '2019-11-27 09:02:12', '11.00', '0.00', '11.00', '0.00', '100.00'),
(585, '', 'SALE', '2019-11-27 09:34:25', '20.00', '0.00', '20.00', '0.00', '20.00');
INSERT INTO `items_transactions` (`transaction_id`, `customer`, `type`, `date`, `sub_total`, `service_charge`, `grand_total`, `discount`, `payment`) VALUES
(586, 'Roland V.', 'SALE', '2019-11-27 09:40:25', '47.50', '2.50', '50.00', '0.00', '50.00'),
(587, 'Kleng2x', 'SALE', '2019-11-27 09:51:21', '16.00', '0.00', '16.00', '0.00', '0.00'),
(588, '', 'SALE', '2019-11-27 10:14:01', '4.00', '0.00', '4.00', '0.00', '5.00'),
(589, '', 'SALE', '2019-11-27 10:37:10', '95.00', '7.00', '102.00', '0.00', '102.00'),
(590, '', 'SALE', '2019-11-28 03:11:59', '95.00', '7.00', '102.00', '0.00', '102.00'),
(591, '', 'SALE', '2019-11-28 03:14:12', '10.00', '0.00', '10.00', '0.00', '10.00'),
(592, '', 'SALE', '2019-11-28 04:20:29', '3.00', '0.00', '3.00', '0.00', '3.00'),
(593, '', 'SALE', '2019-11-28 04:25:00', '47.50', '4.50', '52.00', '0.00', '52.00'),
(594, '', 'SALE', '2019-11-28 04:25:09', '16.00', '0.00', '16.00', '0.00', '20.00'),
(595, '', 'SALE', '2019-11-28 05:07:01', '19.00', '3.00', '22.00', '0.00', '100.00'),
(596, '', 'SALE', '2019-11-28 05:24:31', '19.00', '3.00', '22.00', '0.00', '50.00'),
(597, 'SU Pocket Wi-Fi Student', 'SALE', '2019-11-28 06:09:37', '285.00', '15.00', '300.00', '0.00', '300.00'),
(598, '', 'SALE', '2019-11-28 06:20:25', '47.50', '4.50', '52.00', '0.00', '100.00'),
(599, '', 'SALE', '2019-11-28 06:48:02', '34.00', '0.00', '34.00', '0.00', '104.00'),
(600, '', 'SALE', '2019-11-28 07:17:52', '4.00', '0.00', '4.00', '0.00', '5.00'),
(601, '', 'SALE', '2019-11-28 07:34:36', '15.00', '0.00', '15.00', '0.00', '15.00'),
(602, '', 'SALE', '2019-11-28 08:56:24', '95.00', '5.00', '100.00', '0.00', '100.00'),
(603, '', 'SALE', '2019-11-28 08:56:49', '10.00', '0.00', '10.00', '0.00', '50.00'),
(604, 'Milagros Estolloso', 'SALE', '2019-11-28 09:32:59', '10.00', '0.00', '10.00', '0.00', '10.00'),
(605, '', 'SALE', '2019-11-28 09:37:50', '47.50', '4.50', '52.00', '0.00', '1000.00'),
(606, 'Denalie C.', 'SALE', '2019-11-28 09:42:28', '47.50', '2.50', '50.00', '0.00', '0.00'),
(607, '', 'SALE', '2019-11-28 09:50:57', '1.00', '0.00', '1.00', '0.00', '1.00'),
(608, '', 'RESTOCK', '2019-11-28 10:19:24', '36.00', '0.00', '36.00', '0.00', '21.00');

-- --------------------------------------------------------

--
-- Table structure for table `items_transactions_details`
--

CREATE TABLE `items_transactions_details` (
  `transaction_id` int(10) UNSIGNED NOT NULL,
  `item_id` int(10) UNSIGNED NOT NULL,
  `amount` int(10) UNSIGNED NOT NULL
) ENGINE=InnoDB DEFAULT CHARSET=latin1;

--
-- Dumping data for table `items_transactions_details`
--

INSERT INTO `items_transactions_details` (`transaction_id`, `item_id`, `amount`) VALUES
(1, 105, 5),
(1, 175, 5),
(1, 176, 5),
(1, 177, 5),
(1, 192, 12),
(1, 194, 12),
(1, 196, 12),
(1, 198, 25),
(2, 30, 1),
(2, 32, 12),
(2, 34, 12),
(2, 36, 12),
(2, 38, 100),
(2, 40, 100),
(2, 41, 1),
(2, 43, 12),
(2, 45, 12),
(2, 46, 3),
(2, 47, 3),
(2, 49, 20),
(2, 51, 8),
(2, 53, 8),
(2, 55, 6),
(2, 57, 6),
(2, 59, 3),
(2, 60, 2),
(2, 61, 6),
(2, 63, 100),
(2, 66, 12),
(2, 68, 6),
(2, 70, 7),
(2, 71, 4),
(2, 72, 2),
(2, 73, 2),
(2, 75, 6),
(2, 77, 6),
(2, 78, 2),
(2, 80, 50),
(2, 82, 3),
(2, 84, 12),
(2, 85, 6),
(2, 86, 6),
(2, 87, 2),
(2, 88, 2),
(2, 90, 12),
(2, 92, 12),
(2, 94, 12),
(2, 95, 3),
(2, 96, 3),
(2, 97, 3),
(2, 99, 11),
(2, 101, 12),
(2, 103, 6),
(2, 105, 9),
(2, 106, 1),
(2, 110, 20),
(2, 112, 10),
(2, 116, 10),
(2, 118, 20),
(2, 119, 3),
(2, 121, 10),
(2, 122, 6),
(2, 123, 3),
(2, 124, 6),
(2, 125, 6),
(2, 127, 12),
(2, 129, 25),
(2, 131, 25),
(2, 133, 6),
(2, 134, 3),
(2, 135, 3),
(2, 137, 30),
(2, 140, 8),
(2, 142, 8),
(2, 143, 6),
(2, 144, 2),
(2, 146, 250),
(2, 148, 6),
(2, 150, 6),
(2, 152, 6),
(2, 154, 12),
(2, 156, 6),
(2, 158, 6),
(2, 160, 4),
(2, 162, 4),
(2, 163, 3),
(2, 164, 6),
(2, 165, 6),
(2, 166, 3),
(2, 168, 12),
(2, 169, 2),
(2, 170, 6),
(2, 172, 50),
(2, 173, 1),
(2, 174, 1),
(2, 175, 8),
(2, 176, 6),
(2, 178, 3),
(2, 179, 6),
(2, 180, 6),
(2, 181, 5),
(2, 183, 500),
(2, 185, 500),
(2, 187, 500),
(2, 192, 9),
(2, 194, 5),
(2, 198, 24),
(2, 200, 2),
(2, 202, 2),
(2, 203, 1),
(2, 204, 1),
(2, 205, 1),
(2, 206, 1),
(2, 207, 1),
(2, 208, 1),
(2, 209, 1),
(2, 210, 2),
(2, 211, 1),
(2, 212, 1),
(2, 213, 1),
(2, 215, 16),
(2, 216, 3),
(2, 217, 1),
(2, 219, 1),
(2, 221, 20),
(2, 225, 10),
(2, 227, 6),
(2, 229, 2),
(2, 231, 6),
(2, 234, 4),
(3, 177, 2),
(3, 194, 2),
(4, 192, 1),
(5, 46, 12),
(5, 47, 12),
(5, 148, 6),
(5, 162, 8),
(5, 192, 12),
(5, 216, 1),
(5, 221, 20),
(5, 243, 12),
(6, 1, 2),
(6, 2, 1),
(7, 1, 21),
(8, 2, 2),
(9, 2, 7),
(10, 1, 4),
(10, 2, 6),
(11, 1, 6),
(11, 2, 6),
(12, 1, 2),
(13, 1, 6),
(14, 1, 4),
(15, 1, 7),
(16, 16, 1),
(17, 198, 1),
(18, 14, 1),
(19, 14, 1),
(20, 15, 1),
(21, 19, 1),
(22, 1, 6),
(23, 14, 1),
(24, 20, 1),
(25, 14, 1),
(26, 14, 1),
(27, 187, 30),
(28, 1, 9),
(29, 1, 7),
(30, 1, 5),
(31, 20, 1),
(32, 14, 1),
(33, 12, 1),
(34, 18, 1),
(35, 20, 1),
(36, 18, 1),
(37, 21, 1),
(38, 14, 1),
(39, 19, 1),
(40, 194, 2),
(41, 19, 1),
(42, 15, 1),
(43, 18, 1),
(44, 20, 1),
(45, 1, 18),
(46, 3, 1),
(47, 1, 31),
(48, 2, 8),
(49, 21, 1),
(50, 15, 1),
(51, 21, 1),
(52, 15, 1),
(53, 2, 2),
(54, 1, 6),
(55, 1, 2),
(56, 1, 2),
(56, 2, 3),
(57, 15, 1),
(58, 15, 1),
(59, 15, 1),
(60, 1, 12),
(61, 2, 2),
(62, 19, 1),
(63, 196, 1),
(64, 19, 1),
(65, 19, 1),
(66, 18, 1),
(67, 176, 1),
(68, 187, 17),
(69, 1, 4),
(69, 2, 4),
(70, 187, 10),
(71, 14, 1),
(72, 14, 1),
(73, 1, 12),
(74, 1, 3),
(75, 1, 4),
(76, 1, 4),
(77, 1, 7),
(77, 2, 7),
(78, 187, 6),
(79, 1, 4),
(80, 18, 1),
(81, 1, 1),
(82, 14, 1),
(83, 4, 3),
(84, 1, 53),
(85, 18, 1),
(86, 105, 1),
(87, 18, 1),
(88, 1, 4),
(89, 16, 1),
(90, 19, 1),
(91, 15, 1),
(92, 194, 1),
(93, 194, 1),
(94, 15, 1),
(95, 1, 2),
(96, 1, 1),
(97, 15, 1),
(98, 21, 1),
(99, 4, 8),
(100, 7, 1),
(101, 176, 1),
(102, 22, 1),
(103, 4, 2),
(104, 1, 3),
(105, 19, 1),
(106, 1, 28),
(107, 19, 1),
(108, 22, 1),
(109, 19, 1),
(110, 22, 1),
(111, 187, 50),
(112, 105, 1),
(113, 1, 24),
(114, 4, 18),
(115, 15, 1),
(116, 192, 2),
(117, 1, 10),
(117, 2, 8),
(118, 1, 4),
(119, 22, 1),
(120, 4, 1),
(121, 1, 6),
(122, 1, 1),
(123, 4, 16),
(124, 1, 1),
(125, 1, 11),
(126, 1, 5),
(127, 21, 1),
(128, 4, 1),
(129, 3, 1),
(130, 19, 1),
(131, 18, 1),
(132, 196, 1),
(133, 192, 1),
(134, 175, 1),
(135, 1, 8),
(136, 4, 14),
(137, 18, 1),
(138, 21, 1),
(139, 21, 1),
(140, 20, 1),
(141, 17, 1),
(142, 19, 1),
(143, 21, 1),
(144, 15, 1),
(145, 15, 1),
(146, 13, 1),
(147, 15, 1),
(148, 16, 1),
(149, 16, 1),
(150, 15, 1),
(151, 21, 1),
(152, 14, 1),
(153, 18, 1),
(154, 12, 1),
(155, 14, 1),
(156, 19, 1),
(157, 19, 1),
(158, 15, 1),
(159, 15, 1),
(160, 15, 1),
(161, 13, 1),
(162, 19, 1),
(163, 21, 1),
(164, 21, 1),
(165, 21, 1),
(166, 19, 1),
(167, 19, 1),
(168, 15, 1),
(169, 15, 1),
(170, 20, 1),
(171, 14, 1),
(172, 175, 2),
(173, 105, 1),
(174, 14, 1),
(175, 4, 8),
(176, 1, 4),
(177, 18, 1),
(178, 18, 1),
(179, 13, 1),
(180, 15, 1),
(181, 21, 1),
(182, 21, 1),
(183, 21, 1),
(184, 21, 1),
(185, 19, 1),
(186, 19, 1),
(187, 15, 1),
(188, 13, 1),
(189, 19, 1),
(190, 207, 1),
(191, 206, 1),
(192, 158, 1),
(193, 217, 1),
(194, 86, 1),
(195, 179, 1),
(196, 154, 1),
(197, 150, 1),
(198, 21, 1),
(199, 21, 1),
(200, 15, 1),
(201, 20, 1),
(202, 20, 1),
(203, 20, 1),
(204, 18, 1),
(205, 12, 1),
(206, 49, 1),
(207, 12, 1),
(208, 1, 12),
(209, 1, 4),
(209, 2, 1),
(210, 1, 3),
(211, 12, 1),
(212, 57, 1),
(213, 192, 1),
(214, 1, 1),
(215, 4, 2),
(216, 194, 1),
(217, 18, 1),
(218, 46, 1),
(219, 2, 1),
(220, 210, 1),
(221, 14, 1),
(222, 14, 1),
(223, 80, 5),
(224, 80, 5),
(225, 4, 2),
(226, 176, 1),
(227, 19, 1),
(228, 80, 2),
(229, 187, 10),
(230, 194, 1),
(231, 7, 1),
(232, 7, 1),
(233, 15, 1),
(234, 2, 2),
(235, 1, 5),
(236, 4, 1),
(237, 2, 1),
(238, 1, 1),
(238, 2, 1),
(239, 49, 1),
(240, 4, 2),
(241, 2, 1),
(242, 19, 1),
(243, 1, 8),
(244, 194, 1),
(245, 7, 1),
(246, 2, 3),
(247, 21, 1),
(248, 103, 1),
(249, 175, 1),
(250, 94, 1),
(251, 217, 1),
(252, 21, 1),
(253, 4, 2),
(254, 183, 10),
(255, 185, 10),
(256, 103, 1),
(257, 137, 1),
(258, 49, 1),
(259, 118, 1),
(260, 47, 1),
(261, 48, 2),
(262, 49, 1),
(263, 162, 1),
(264, 7, 1),
(265, 2, 1),
(266, 19, 1),
(267, 1, 1),
(267, 2, 3),
(268, 2, 1),
(269, 1, 1),
(269, 2, 2),
(270, 22, 1),
(271, 4, 1),
(272, 2, 2),
(273, 4, 11),
(274, 1, 1),
(275, 1, 1),
(275, 2, 1),
(276, 1, 1),
(276, 2, 4),
(277, 1, 1),
(277, 2, 1),
(278, 2, 1),
(279, 22, 1),
(280, 1, 2),
(281, 2, 1),
(282, 15, 1),
(283, 2, 2),
(284, 1, 5),
(285, 2, 2),
(286, 1, 1),
(286, 2, 1),
(287, 204, 1),
(288, 2, 2),
(289, 24, 1),
(290, 4, 6),
(291, 2, 92),
(292, 1, 18),
(293, 66, 1),
(294, 192, 1),
(295, 19, 1),
(296, 15, 1),
(297, 198, 2),
(298, 194, 2),
(299, 19, 1),
(300, 96, 1),
(301, 15, 1),
(302, 19, 1),
(303, 21, 1),
(304, 2, 4),
(305, 1, 1),
(306, 61, 1),
(307, 13, 1),
(308, 15, 1),
(309, 19, 1),
(310, 146, 2),
(311, 19, 1),
(312, 231, 1),
(313, 225, 1),
(314, 4, 183),
(314, 5, 3),
(315, 19, 1),
(316, 32, 3),
(317, 15, 1),
(318, 21, 1),
(319, 46, 1),
(320, 21, 1),
(321, 221, 20),
(322, 179, 1),
(323, 92, 1),
(324, 125, 1),
(325, 96, 1),
(326, 90, 1),
(327, 12, 1),
(328, 14, 1),
(329, 4, 6),
(330, 12, 1),
(331, 1, 5),
(332, 137, 1),
(333, 47, 1),
(334, 1, 1),
(334, 2, 1),
(335, 192, 1),
(336, 1, 2),
(336, 2, 1),
(337, 2, 2),
(338, 1, 1),
(339, 20, 1),
(340, 1, 1),
(340, 2, 7),
(341, 14, 1),
(342, 14, 1),
(343, 14, 1),
(344, 1, 57),
(344, 2, 9),
(345, 18, 1),
(346, 18, 1),
(347, 14, 1),
(348, 1, 9),
(348, 2, 67),
(349, 40, 14),
(350, 150, 1),
(351, 77, 1),
(352, 14, 1),
(353, 75, 1),
(354, 14, 1),
(355, 148, 4),
(356, 12, 1),
(357, 14, 1),
(358, 57, 1),
(359, 105, 1),
(360, 187, 35),
(361, 88, 1),
(362, 156, 2),
(363, 137, 1),
(364, 15, 1),
(365, 21, 1),
(366, 1, 2),
(367, 2, 3),
(368, 85, 1),
(369, 225, 3),
(370, 4, 16),
(371, 1, 18),
(372, 40, 4),
(373, 1, 6),
(374, 1, 6),
(374, 2, 6),
(375, 1, 2),
(376, 1, 3),
(377, 21, 1),
(378, 1, 1),
(378, 2, 4),
(379, 15, 1),
(380, 19, 1),
(381, 17, 1),
(382, 1, 3),
(383, 1, 1),
(384, 71, 1),
(385, 4, 3),
(386, 4, 1),
(387, 4, 1),
(388, 4, 2),
(389, 4, 1),
(390, 1, 14),
(391, 1, 1),
(392, 4, 3),
(393, 1, 1),
(393, 2, 1),
(394, 168, 1),
(395, 4, 2),
(396, 4, 3),
(397, 127, 3),
(398, 1, 1),
(398, 2, 1),
(399, 1, 4),
(400, 21, 1),
(401, 19, 1),
(402, 175, 1),
(403, 47, 1),
(404, 198, 1),
(405, 4, 3),
(406, 19, 1),
(407, 2, 1),
(408, 7, 1),
(409, 127, 1),
(410, 125, 1),
(411, 236, 1),
(412, 15, 1),
(413, 1, 4),
(413, 2, 1),
(414, 162, 1),
(415, 15, 1),
(416, 47, 2),
(417, 19, 1),
(418, 187, 3),
(419, 133, 2),
(420, 19, 1),
(421, 1, 2),
(422, 15, 1),
(423, 1, 1),
(424, 46, 1),
(425, 15, 1),
(426, 1, 125),
(427, 19, 1),
(428, 15, 1),
(429, 19, 1),
(430, 80, 6),
(431, 19, 1),
(432, 16, 1),
(433, 1, 3),
(434, 21, 1),
(435, 17, 1),
(436, 21, 1),
(437, 21, 1),
(438, 15, 1),
(439, 1, 2),
(440, 162, 1),
(441, 4, 1),
(442, 1, 17),
(442, 2, 2),
(443, 198, 1),
(444, 12, 1),
(445, 2, 1),
(446, 2, 1),
(447, 1, 6),
(448, 1, 2),
(449, 21, 1),
(450, 21, 1),
(451, 19, 1),
(452, 15, 1),
(453, 19, 1),
(454, 16, 1),
(455, 90, 1),
(456, 162, 1),
(457, 47, 2),
(458, 19, 1),
(459, 75, 1),
(460, 84, 1),
(461, 20, 1),
(462, 181, 2),
(463, 19, 1),
(464, 21, 1),
(465, 19, 1),
(466, 46, 2),
(467, 245, 2),
(468, 19, 1),
(469, 20, 1),
(470, 20, 1),
(471, 187, 5),
(472, 243, 2),
(473, 73, 1),
(474, 1, 3),
(475, 16, 1),
(476, 12, 1),
(477, 4, 10),
(478, 1, 2),
(479, 1, 1),
(479, 2, 2),
(480, 1, 4),
(481, 1, 4),
(482, 148, 1),
(483, 12, 1),
(484, 1, 2),
(485, 215, 3),
(486, 207, 1),
(487, 162, 1),
(488, 187, 23),
(489, 137, 7),
(490, 198, 1),
(491, 21, 1),
(492, 19, 1),
(493, 13, 1),
(494, 19, 1),
(495, 21, 1),
(496, 15, 1),
(497, 15, 1),
(498, 46, 1),
(499, 162, 2),
(500, 119, 1),
(501, 215, 3),
(502, 137, 1),
(503, 187, 5),
(504, 1, 2),
(504, 2, 2),
(505, 1, 9),
(506, 227, 2),
(507, 181, 2),
(508, 17, 1),
(509, 46, 1),
(510, 137, 1),
(511, 192, 1),
(512, 1, 2),
(513, 2, 2),
(514, 245, 20),
(515, 227, 2),
(516, 1, 9),
(517, 46, 1),
(518, 4, 2),
(519, 43, 2),
(520, 61, 1),
(521, 21, 1),
(522, 19, 1),
(523, 17, 1),
(524, 19, 1),
(525, 162, 2),
(526, 77, 1),
(527, 180, 1),
(528, 148, 2),
(529, 207, 1),
(530, 162, 1),
(531, 158, 1),
(532, 156, 1),
(533, 77, 1),
(534, 19, 1),
(535, 19, 1),
(536, 18, 1),
(537, 137, 1),
(538, 20, 1),
(539, 20, 1),
(540, 20, 1),
(541, 20, 1),
(542, 20, 1),
(543, 16, 1),
(544, 1, 2),
(545, 15, 1),
(546, 15, 1),
(547, 1, 1),
(547, 2, 2),
(548, 166, 1),
(549, 1, 12),
(550, 4, 2),
(551, 19, 1),
(552, 51, 2),
(553, 2, 7),
(554, 21, 1),
(555, 46, 1),
(556, 22, 1),
(557, 19, 1),
(558, 13, 1),
(559, 1, 1),
(560, 1, 4),
(561, 4, 15),
(561, 5, 2),
(562, 1, 2),
(563, 196, 1),
(564, 198, 1),
(565, 247, 1),
(566, 215, 10),
(567, 13, 1),
(567, 15, 1),
(567, 19, 1),
(568, 215, 32),
(569, 73, 2),
(570, 19, 1),
(571, 231, 1),
(572, 249, 1),
(573, 162, 8),
(574, 13, 1),
(574, 15, 1),
(575, 21, 1),
(576, 5, 2),
(576, 23, 1),
(577, 13, 2),
(578, 165, 1),
(579, 4, 1),
(579, 22, 1),
(580, 47, 1),
(581, 187, 5),
(582, 19, 1),
(583, 13, 2),
(584, 46, 1),
(585, 80, 10),
(586, 19, 1),
(587, 1, 8),
(588, 80, 2),
(589, 21, 1),
(590, 21, 1),
(591, 249, 1),
(592, 53, 1),
(593, 19, 1),
(594, 90, 1),
(595, 13, 2),
(596, 15, 1),
(597, 21, 3),
(598, 19, 1),
(599, 85, 1),
(600, 80, 2),
(601, 221, 2),
(601, 251, 1),
(602, 21, 1),
(603, 168, 1),
(604, 1, 5),
(605, 19, 1),
(606, 19, 1),
(607, 240, 1),
(608, 181, 6);

-- --------------------------------------------------------

--
-- Stand-in structure for view `view_items`
--
CREATE TABLE `view_items` (
`item_id` int(10) unsigned
,`bar_code` varchar(13)
,`unit` enum('bar','bot','bx','crd','cut','dz','jar','ld','pad','pc','pd','pg','pk','rm','sbx','set','tie')
,`count` smallint(5) unsigned
,`item_description` varchar(100)
,`general_name` varchar(30)
,`brand_name` varchar(25)
,`category` enum('Electronics','Food Additive','Galenical','Hardware','Household','Personal Accessory','Personal Hygiene','Pharmaceutical','School & Office','Service','Toiletry')
,`unit_price_latest` decimal(13,2)
,`sell_price_latest` decimal(13,2)
,`supplier_name` enum('Chuyte','Klebbys','Conchitas','Hypermart','Other')
,`stock` decimal(10,0)
);

-- --------------------------------------------------------

--
-- Stand-in structure for view `view_items_prices_latest`
--
CREATE TABLE `view_items_prices_latest` (
`u_rid` int(10) unsigned
,`s_rid` int(10) unsigned
,`item_id` int(10) unsigned
,`unit_price` decimal(13,2)
,`unit_price_asofdate` timestamp
,`sell_price` decimal(13,2)
,`sell_price_asofdate` timestamp
);

-- --------------------------------------------------------

--
-- Stand-in structure for view `view_transactions_prepaid_load`
--
CREATE TABLE `view_transactions_prepaid_load` (
`date` timestamp
,`item_id` int(10) unsigned
,`item_description` varchar(100)
,`unit_price` decimal(13,2)
,`sell_price` decimal(13,2)
,`transaction_id` int(10) unsigned
,`amount` int(10) unsigned
,`cost` decimal(23,2)
,`total_by_transaction_id` decimal(13,2)
);

-- --------------------------------------------------------

--
-- Stand-in structure for view `view_transactions_products`
--
CREATE TABLE `view_transactions_products` (
`date` timestamp
,`item_id` int(10) unsigned
,`unit` enum('bar','bot','bx','crd','cut','dz','jar','ld','pad','pc','pd','pg','pk','rm','sbx','set','tie')
,`item_description` varchar(100)
,`unit_price` decimal(13,2)
,`sell_price` decimal(13,2)
,`transaction_id` int(10) unsigned
,`amount` int(10) unsigned
,`cost` decimal(23,2)
,`revenue` decimal(23,2)
,`profit` decimal(24,2)
);

-- --------------------------------------------------------

--
-- Stand-in structure for view `view_transactions_services`
--
CREATE TABLE `view_transactions_services` (
`date` timestamp
,`item_id` int(10) unsigned
,`item_description` varchar(100)
,`unit_price` decimal(13,2)
,`sell_price` decimal(13,2)
,`transaction_id` int(10) unsigned
,`amount` int(10) unsigned
,`cost` decimal(23,2)
,`revenue` decimal(23,2)
);

-- --------------------------------------------------------

--
-- Structure for view `view_items`
--
DROP TABLE IF EXISTS `view_items`;
-- in use(#1046 - No database selected)

-- --------------------------------------------------------

--
-- Structure for view `view_items_prices_latest`
--
DROP TABLE IF EXISTS `view_items_prices_latest`;
-- in use(#1046 - No database selected)

-- --------------------------------------------------------

--
-- Structure for view `view_transactions_prepaid_load`
--
DROP TABLE IF EXISTS `view_transactions_prepaid_load`;

CREATE ALGORITHM=UNDEFINED DEFINER=`hkunz`@`localhost` SQL SECURITY DEFINER VIEW `view_transactions_prepaid_load`  AS  (select `tt`.`date` AS `date`,`i`.`item_id` AS `item_id`,`i`.`item_description` AS `item_description`,`i`.`unit_price` AS `unit_price`,`i`.`sell_price` AS `sell_price`,`t`.`transaction_id` AS `transaction_id`,`t`.`amount` AS `amount`,(`t`.`amount` * `i`.`unit_price`) AS `cost`,`tt`.`grand_total` AS `total_by_transaction_id` from ((`items` `i` join `items_transactions_details` `t` on((`i`.`item_id` = `t`.`item_id`))) join `items_transactions` `tt` on((`t`.`transaction_id` = `tt`.`transaction_id`))) where ((`tt`.`type` = 'SALE') and (`i`.`category` = 'service') and (`i`.`general_name` = 'Prepaid Load Service')) order by `t`.`transaction_id` desc) ;

-- --------------------------------------------------------

--
-- Structure for view `view_transactions_products`
--
DROP TABLE IF EXISTS `view_transactions_products`;
-- in use(#1046 - No database selected)

-- --------------------------------------------------------

--
-- Structure for view `view_transactions_services`
--
DROP TABLE IF EXISTS `view_transactions_services`;

CREATE ALGORITHM=UNDEFINED DEFINER=`hkunz`@`localhost` SQL SECURITY DEFINER VIEW `view_transactions_services`  AS  (select `tt`.`date` AS `date`,`i`.`item_id` AS `item_id`,`i`.`item_description` AS `item_description`,`i`.`unit_price` AS `unit_price`,`i`.`sell_price` AS `sell_price`,`t`.`transaction_id` AS `transaction_id`,`t`.`amount` AS `amount`,(`t`.`amount` * `i`.`unit_price`) AS `cost`,(`t`.`amount` * `i`.`sell_price`) AS `revenue` from ((`items` `i` join `items_transactions_details` `t` on((`i`.`item_id` = `t`.`item_id`))) join `items_transactions` `tt` on((`t`.`transaction_id` = `tt`.`transaction_id`))) where ((`tt`.`type` = 'SALE') and (`i`.`category` = 'service') and (`i`.`general_name` <> 'Prepaid Load Service')) order by `t`.`transaction_id` desc) ;

--
-- Indexes for dumped tables
--

--
-- Indexes for table `items`
--
ALTER TABLE `items`
  ADD PRIMARY KEY (`item_id`);

--
-- Indexes for table `items_prices`
--
ALTER TABLE `items_prices`
  ADD PRIMARY KEY (`row_id`),
  ADD KEY `item_id` (`item_id`);

--
-- Indexes for table `items_stock`
--
ALTER TABLE `items_stock`
  ADD PRIMARY KEY (`row_id`),
  ADD KEY `item_id` (`item_id`);

--
-- Indexes for table `items_transactions`
--
ALTER TABLE `items_transactions`
  ADD PRIMARY KEY (`transaction_id`);

--
-- Indexes for table `items_transactions_details`
--
ALTER TABLE `items_transactions_details`
  ADD PRIMARY KEY (`transaction_id`,`item_id`),
  ADD KEY `item_id` (`item_id`);

--
-- AUTO_INCREMENT for dumped tables
--

--
-- AUTO_INCREMENT for table `items`
--
ALTER TABLE `items`
  MODIFY `item_id` int(10) UNSIGNED NOT NULL AUTO_INCREMENT, AUTO_INCREMENT=252;
--
-- AUTO_INCREMENT for table `items_prices`
--
ALTER TABLE `items_prices`
  MODIFY `row_id` int(10) UNSIGNED NOT NULL AUTO_INCREMENT, AUTO_INCREMENT=261;
--
-- AUTO_INCREMENT for table `items_stock`
--
ALTER TABLE `items_stock`
  MODIFY `row_id` int(10) UNSIGNED NOT NULL AUTO_INCREMENT, AUTO_INCREMENT=229;
--
-- AUTO_INCREMENT for table `items_transactions`
--
ALTER TABLE `items_transactions`
  MODIFY `transaction_id` int(10) UNSIGNED NOT NULL AUTO_INCREMENT, AUTO_INCREMENT=610;
--
-- Constraints for dumped tables
--

--
-- Constraints for table `items_prices`
--
ALTER TABLE `items_prices`
  ADD CONSTRAINT `items_prices_ibfk_1` FOREIGN KEY (`item_id`) REFERENCES `items` (`item_id`);

--
-- Constraints for table `items_stock`
--
ALTER TABLE `items_stock`
  ADD CONSTRAINT `items_stock_ibfk_1` FOREIGN KEY (`item_id`) REFERENCES `items` (`item_id`);

--
-- Constraints for table `items_transactions_details`
--
ALTER TABLE `items_transactions_details`
  ADD CONSTRAINT `items_transactions_details_ibfk_1` FOREIGN KEY (`item_id`) REFERENCES `items` (`item_id`),
  ADD CONSTRAINT `items_transactions_details_ibfk_2` FOREIGN KEY (`transaction_id`) REFERENCES `items_transactions` (`transaction_id`);

/*!40101 SET CHARACTER_SET_CLIENT=@OLD_CHARACTER_SET_CLIENT */;
/*!40101 SET CHARACTER_SET_RESULTS=@OLD_CHARACTER_SET_RESULTS */;
/*!40101 SET COLLATION_CONNECTION=@OLD_COLLATION_CONNECTION */;
