INSERT INTO items VALUES
("1","","pg","1","Service Print Black","Print Service","Klebbys","Service","0.00","2.00","Klebbys"),
("2","","pg","1","Service Print Color","Print Service","Klebbys","Service","0.00","5.00","Klebbys"),
("3","","pg","1","Service Print Color Full","Print Service","Klebbys","Service","0.00","10.00","Klebbys"),
("4","","pg","1","Service Photocopy Black","Print Service","Klebbys","Service","0.00","2.00","Klebbys"),
("5","","pg","1","Service Photocopy Color","Print Service","Klebbys","Service","0.00","5.00","Klebbys"),
("6","","pg","1","Service Photocopy Color Full","Print Service","Klebbys","Service","0.00","10.00","Klebbys"),
("7","","pg","1","Service Scan Page","Print Service","Klebbys","Service","0.00","8.00","Klebbys"),
("30","4806530360098","pc","1","TM Puncher T-07009 Medium","Puncher","TM","School & Office","70.00","0.00","Chuyte"),
("31","6971642400142","dz","12","TM Binder Clip T-20501-51mm 2\"","Binder Clip","TM","School & Office","66.00","0.00","Chuyte"),
("32","","pc","1","TM Binder Clip T-20501-51mm 2\"","Binder Clip","TM","School & Office","5.50","7.00","Chuyte"),
("33","6971642400159","dz","12","TM Binder Clip T-20501-41mm 1-5/8\"","Binder Clip","TM","School & Office","40.00","0.00","Chuyte"),
("34","","pc","1","TM Binder Clip T-20501-41mm 1-5/8\"","Binder Clip","TM","School & Office","3.33","4.50","Chuyte"),
("35","6971642400166","dz","12","TM Binder Clip T-20501-32mm 1-1/4\"","Binder Clip","TM","School & Office","25.00","0.00","Chuyte"),
("36","","pc","1","TM Binder Clip T-20501-32mm 1-1/4\"","Binder Clip","TM","School & Office","2.08","3.00","Chuyte"),
("37","4806530360395","sbx","100","TM Paper Clip T-20101-50mm (Jumbo)","Paper Clip","TM","School & Office","20.00","0.00","Chuyte"),
("38","","pc","1","TM Paper Clip T-20101-50mm (Jumbo)","Paper Clip","TM","School & Office","0.20","0.50","Chuyte"),
("39","","sbx","100","TM Paper Clip M20101-33mm (Small)","Paper Clip","TM","School & Office","10.00","0.00","Chuyte"),
("40","","pc","1","TM Paper Clip M20101-33mm (Small)","Paper Clip","TM","School & Office","0.10","0.25","Chuyte"),
("41","6936328041026","pc","1","TM Stapler T-01017 #10","Stapler","TM","School & Office","30.00","0.00","Chuyte"),
("42","8802203001455","dz","12","Dong-A My-Gel 0.5mm Sign Pen Black","Sign Pen","Dong-A","School & Office","222.00","0.00","Chuyte"),
("43","8802203083659","pc","1","Dong-A My-Gel 0.5mm Sign Pen Black","Sign Pen","Dong-A","School & Office","18.50","22.00","Chuyte"),
("44","8802203001462","dz","12","Dong-A My-Gel 0.5mm Sign Pen Blue","Sign Pen","Dong-A","School & Office","222.00","0.00","Chuyte"),
("45","8802203083666","pc","1","Dong-A My-Gel 0.5mm Sign Pen Blue","Sign Pen","Dong-A","School & Office","18.50","22.00","Chuyte"),
("46","4806502160756","pc","1","Tisyu 300-Sheet Toilet Paper (100x100mm)","Toilet Paper","Tisyu","Toiletry","9.00","11.00","Chuyte"),
("47","4800096473889","pc","1","Good & Cheap 200-Sheet Toilet Paper (98x95mm)","Toilet Paper","Good & Cheap","Toiletry","7.50","10.00","Chuyte"),
("48","4806530360678","pk","20","TM Glossy Photo Paper A4 (210x297mm)","Photo Paper","TM","School & Office","60.00","0.00","Chuyte"),
("49","","pc","1","TM Glossy Photo Paper A4 (210x297mm)","Photo Paper","TM","School & Office","3.00","4.00","Chuyte"),
("50","4806506318856","pk","8","Sisters Night Plus Heavy Flow Napkin (270mm)","Feminine Sanitary Pad","Sisters","Toiletry","25.00","0.00","Chuyte"),
("51","","pc","1","Sisters Night Plus Heavy Flow Napkin (270mm)","Feminine Sanitary Pad","Sisters","Toiletry","3.13","4.00","Chuyte"),
("52","4806506318832","pk","8","Sisters Day Maxi Regular Flow Napkin (240mm)","Feminine Sanitary Pad","Sisters","Toiletry","19.00","0.00","Chuyte"),
("53","","pc","1","Sisters Day Maxi Regular Flow Napkin (240mm)","Feminine Sanitary Pad","Sisters","Toiletry","2.38","3.00","Chuyte"),
("54","4902505040788","dz","12","Pilot Super Color Marker Pen SC-B Broad Black","Marker Pen","Pilot","School & Office","936.00","0.00","Chuyte"),
("55","4902505088179","pc","1","Pilot Super Color Marker Pen SC-B Broad Black","Marker Pen","Pilot","School & Office","78.00","86.00","Chuyte"),
("56","","dz","12","Dixon D2378 Permanent Refillable 3mm Marker Pen","Marker Pen","Dixon","School & Office","108.00","0.00","Chuyte"),
("57","6954941713007","pc","1","Dixon D2378 Permanent Refillable 3mm Marker Pen","Marker Pen","Dixon","School & Office","9.00","11.00","Chuyte"),
("58","","dz","12","TM Correction Fluid TM149 (15ml)","Correction Fluid","TM","School & Office","120.00","0.00","Chuyte"),
("59","4806530362160","pc","1","TM Correction Fluid TM149 (15ml)","Correction Fluid","TM","School & Office","10.00","13.00","Chuyte"),
("60","4806523080002","sbx","1","Max Staples No.10-1M 1000 staples (5mm)","Staple Wire","Max","School & Office","5.00","7.00","Chuyte"),
("61","","pc ","1","MGK Ruler 12\"","Ruler","MGK","School & Office","3.50","5.00","Chuyte"),
("62","","pk","100","Index Card 5x8\"","Index Card","","School & Office","45.00","0.00","Chuyte"),
("63","","pc","1","Index Card 5x8\"","Index Card","","School & Office","0.45","1.00","Chuyte"),
("64","","pc","1","White Mug","Mug","","Household","24.00","0.00","Chuyte"),
("65","6970431420026","crd","12","Shenling Padlock (25mm)","Padlock","Shenling","Hardware","264.00","0.00","Chuyte"),
("66","","pc","1","Shenling Padlock (25mm)","Padlock","Shenling","Hardware","22.00","29.00","Chuyte"),
("67","","tie","6","Rejoice Shampoo Perfume Fresh Sachet (16ml)","Shampoo","Rejoice","Toiletry","30.00","0.00","Chuyte"),
("68","4902430775878","pc","1","Rejoice Shampoo Perfume Fresh Sachet (16ml)","Shampoo","Rejoice","Toiletry","5.00","7.00","Chuyte"),
("69","","tie","7","Rejoice Shampoo Rich Soft Smooth Sachet (13ml)","Shampoo","Rejoice","Toiletry","25.00","0.00","Chuyte"),
("70","4902430822909","pc","1","Rejoice Shampoo Rich Soft Smooth Sachet (13ml)","Shampoo","Rejoice","Toiletry","3.57","5.00","Chuyte"),
("71","4800888139283","pc","1","Creamsilk Conditioner Hairfall Defense Sachet (11ml)","Conditioner","Creamsilk","Toiletry","5.75","7.00","Chuyte"),
("72","4902430934800","pc","1","Safeguard Soap Pure White 135g","Bath Soap","Safeguard","Toiletry","42.00","50.00","Chuyte"),
("73","4902430495042","pc","1","Safeguard Soap Classic Beige 90g","Bath Soap","Safeguard","Toiletry","30.00","36.00","Chuyte"),
("74","4902430441902","crd","6","Gillette Rubie Double-Blade Long Handle Shaver (Yellow)","Shaver","Gillette","Toiletry","132.00","0.00","Chuyte"),
("75","","pc","1","Gillette Rubie Double-Blade Long Handle Shaver (Yellow)","Shaver","Gillette","Toiletry","22.00","25.00","Chuyte"),
("76","","tie","6","Closeup Ever Fresh Twin Pack Gel Toothpaste Sachet Red Hot (2x10g)","Toothpaste","Closeup","Toiletry","35.00","42.00","Chuyte"),
("77","4800888147288","pc","1","Closeup Ever Fresh Twin Pack Gel Toothpaste Sachet Red Hot (2x10g)","Toothpaste","Closeup","Toiletry","5.83","7.00","Chuyte"),
("78","8850006321133","pc","1","Colgate Maximum Cavity Protection Great Regular Flavor (25ml 37g)","Toothpaste","Colgate","Toiletry","23.00","28.00","Chuyte"),
("79","4801010194002","bx","50","Band-Aid Anti-Septic Adhesive Bandages","Medical Plaster","Band-Aid","Personal Hygiene","65.00","0.00","Chuyte"),
("80","","pc","1","Band-Aid Anti-Septic Adhesive Bandages","Medical Plaster","Band-Aid","Personal Hygiene","1.30","2.00","Chuyte"),
("81","","dz","12","Joy Complete Clean Kalamansi Dishwashing Liquid (20ml)","Dish Detergent","Joy","Toiletry","0.00","0.00","Chuyte"),
("82","4902430434393","pc","1","Joy Complete Clean Kalamansi Dishwashing Liquid (20ml)","Dish Detergent","Joy","Toiletry","5.00","7.00","Chuyte"),
("83","","dz","12","Nails Nail Polish Remover w/ Acetone (30ml)","Nail Polish Remover","Nails","Personal Hygiene","57.00","0.00","Chuyte"),
("84","4800147310477","pc","1","Nails Nail Polish Remover w/ Acetone (30ml)","Nail Polish Remover","Nails","Personal Hygiene","4.75","6.00","Chuyte"),
("85","48031547","pc","1","Efficascent Oil Regular (25ml)","Liniment","Efficascent","Galenical","28.00","34.00","Chuyte"),
("86","48035156","pc","1","Efficascent Oil Extra Strength (25ml)","Liniment","Efficascent","Galenical","33.00","39.00","Chuyte"),
("87","4801010104100","pc","1","Johnson's Baby Powder Milk+Rice (50g)","Baby Powder","Johnson's","Personal Hygiene","24.25","29.00","Chuyte"),
("88","48032742","pc","1","Johnson's Baby Powder White (25g)","Baby Powder","Johnson's","Personal Hygiene","14.00","17.00","Chuyte"),
("89","3022014800019","crd","12","MGK Scissors 5\" M19005","Scissors","MGK","School & Office","156.00","0.00","Chuyte"),
("90","","pc","1","MGK Scissors 5\" M19005","Scissors","MGK","School & Office","13.00","16.00","Chuyte"),
("91","3800138233113","crd","12","Cutter Knife (Big)","Box Cutter","","School & Office","96.00","0.00","Chuyte"),
("92","","pc","1","Cutter Knife (Big)","Box Cutter","","School & Office","8.00","10.00","Chuyte"),
("93","6920805678287","crd ","12","Art Designing Knives Cutter (Small)","Box Cutter","","School & Office","54.00","0.00","Chuyte"),
("94","","pc","1","Art Designing Knives Cutter (Small)","Box Cutter","","School & Office","4.50","6.00","Chuyte"),
("95","4800047820250","pc","1","Green Cross 70% Solution Antiseptic Disinfectant Isopropyl Alcohol (60ml)","Alcohol","Green Cross","Toiletry","17.00","20.00","Chuyte"),
("96","4800047820243","pc","1","Green Cross 70% Solution Antiseptic Disinfectant Isopropyl Alcohol (150ml)","Alcohol","Green Cross","Toiletry","29.25","35.00","Chuyte"),
("97","4800011120614","pc","1","Casino 70% Solution Active Ethyl Alcohol Triclosan (150ml)","Alcohol","Casino","Toiletry","29.50","35.00","Chuyte"),
("98","","dz","12","Sliding Folder Short","Folder","","School & Office","54.00","0.00","Chuyte"),
("99","","pc","1","Sliding Folder Short","Folder","","School & Office","4.50","6.00","Chuyte"),
("100","","dz","12","Sliding Folder Long","Folder","","School & Office","66.00","0.00","Chuyte"),
("101","","pc","1","Sliding Folder Long","Folder","","School & Office","5.50","7.00","Chuyte"),
("102","","rm","100","Folder Long (14pts)","Folder","","School & Office","450.00","0.00","Chuyte"),
("103","","pc","1","Folder Long (14pts)","Folder","","School & Office","5.00","7.00","Chuyte"),
("104","","rm","100","Folder Short (14pts)","Folder","","School & Office","400.00","0.00","Chuyte"),
("105","","pc","1","Folder Short (14pts)","Folder","","School & Office","4.50","6.00","Chuyte"),
("106","","pc","1","Doormat Cloth","Doormat","","Household","30.00","0.00","Chuyte"),
("107","","rm","20","Hapi 1/2 Crosswise Pad","Intermediate Pad Paper","Hapi","School & Office","120.00","0.00","Chuyte"),
("108","","pad","1","Hapi 1/2 Crosswise Pad","Intermediate Pad Paper","Hapi","School & Office","6.00","8.00","Chuyte"),
("109","","rm","20","Hapi 1/2 Lengthwise 50 Leaves Quiz Pad (100x250mm)","Intermediate Pad Paper","Hapi","School & Office","120.00","0.00","Chuyte"),
("110","4806508030541","pad","1","Hapi 1/2 Lengthwise 50 Leaves Quiz Pad (100x250mm)","Intermediate Pad Paper","Hapi","School & Office","6.00","8.00","Chuyte"),
("111","","rm","10","Premiere 1/2 Crosswise 80 Leaves Quiz Pad (200x125mm)","Intermediate Pad Paper","Premiere","School & Office","120.00","0.00","Chuyte"),
("112","4806503872450","pad","1","Premiere 1/2 Crosswise 80 Leaves Quiz Pad (200x125mm)","Intermediate Pad Paper","Premiere","School & Office","12.00","15.00","Chuyte"),
("113","","rm","10","Premiere 1/2 Lengthwise Quiz Pad","Intermediate Pad Paper","Premiere","School & Office","120.00","0.00","Chuyte"),
("114","","pad","1","Premiere 1/2 Lengthwise Quiz Pad","Intermediate Pad Paper","Premiere","School & Office","12.00","15.00","Chuyte"),
("115","","pk","10","Pixel Neon Notes","Notebook","Pixel","School & Office","60.00","0.00","Chuyte"),
("116","4806508030008","pc","1","Daily Pocket Notes","Notebook","Pixel","School & Office","5.00","7.00","Chuyte"),
("117","","rm","20","Hapi 1/4 50 Leaves Quiz Pad (100x125mm)","Intermediate Pad Paper","Hapi","School & Office","60.00","0.00","Chuyte"),
("118","4806508030558","pad","1","Hapi 1/4 50 Leaves Quiz Pad (100x125mm)","Intermediate Pad Paper","Hapi","School & Office","3.00","4.00","Chuyte"),
("119","8802103994053","pk","1","Dove 3in1 Facial Cleansing Wipes (25w)","Wet wipe","Dove","Toiletry","20.00","25.00","Chuyte"),
("120","","rm","10","Jumbo Intermediate Pad 80 Leaves (200x250mm)","Intermediate Pad Paper","Jumbo","School & Office","150.00","0.00","Chuyte"),
("121","4806514413390","pad","1","Jumbo Intermediate Pad 80 Leaves (200x250mm)","Intermediate Pad Paper","Jumbo","School & Office","15.00","18.00","Chuyte"),
("122","","pc","1","Glue Gun Glue Stick (Big)","Glue Stick","","School & Office","6.00","8.00","Chuyte"),
("123","","pc","1","Armak Double-Sided Tape 1/2\"","Double-Sided Tape","Armak","School & Office","12.00","15.00","Chuyte"),
("124","","pc","1","Masking Tape 3/4\"","Paper Adhesive Tape","","School & Office","12.00","15.00","Chuyte"),
("125","","pc","1","Armak Scotch Tape 1\"","Adhesive Tape","Armak","School & Office","12.00","15.00","Chuyte"),
("126","","dz","12","Armak Scotch Tape 1/2\"","Adhesive Tape","Armak","School & Office","24.00","0.00","Chuyte"),
("127","","pc","1","Armak Scotch Tape 1/2\"","Adhesive Tape","Armak","School & Office","2.00","3.00","Chuyte"),
("128","4806030300617","jar","25","HBW 3000 Retractable Oil Base Gel Pen Black (0.7mm)","Ballpen","HBW","School & Office","100.00","0.00","Chuyte"),
("129","","pc","1","HBW 3000 Retractable Oil Base Gel Pen Black (0.7mm)","Ballpen","HBW","School & Office","4.00","6.00","Chuyte"),
("130","4806030300624","jar","25","HBW 3000 Retractable Oil Base Gel Pen Blue (0.7mm)","Ballpen","HBW","School & Office","100.00","0.00","Chuyte"),
("131","","pc","1","HBW 3000 Retractable Oil Base Gel Pen Blue (0.7mm)","Ballpen","HBW","School & Office","4.00","6.00","Chuyte"),
("132","","sbx","1","Mitsuya Thumbtacks","Thumbtack","Mitsuya","School & Office","10.00","13.00","Chuyte"),
("133","4809012371001","sbx","1","Mitsuko Thumbtacks No.111","Thumbtack","Mitsuko","School & Office","7.50","10.00","Chuyte"),
("134","","pc","1","Clearbook (Long)","Clearbook","","School & Office","33.00","40.00","Chuyte"),
("135","","pc ","1","Clearbook (Short)","Clearbook","","School & Office","30.00","36.00","Chuyte"),
("136","","pk","30","Ponytail Hair Tie","Hair Tie","Ponytail","Personal Accessory","54.00","0.00","Chuyte"),
("137","","pc","1","Ponytail Hair Tie","Hair Tie","Ponytail","Personal Accessory","1.80","3.00","Chuyte"),
("138","6932177474213","pc","1","TM Calculator TM-12 Digits","Calculator","TM","School & Office","130.00","0.00","Chuyte"),
("139","6928394900659","crd","4","Kingever Extra Heavy Duty R6 1.5V AA Battery","Battery","Kingever","Electronics","10.00","13.00","Chuyte"),
("140","","pc","1","Kingever Extra Heavy Duty R6 1.5V AA Battery","Battery","Kingever","Electronics","2.50","4.00","Chuyte"),
("141","6928394900666","crd","4","Kingever Extra Heavy Duty R03 1.5V AAA Battery","Battery","Kingever","Electronics","10.00","13.00","Chuyte"),
("142","","pc","1","Kingever Extra Heavy Duty R03 1.5V AAA Battery","Battery","Kingever","Electronics","2.50","4.00","Chuyte"),
("143","4800045380190","pc","1","Shield Soap Sachet Cleansing White (60g)","Bath Soap","Shield","Toiletry","13.00","16.00","Chuyte"),
("144","","pk","1","Sanicare Regular Cotton Balls (50)","Cotton Balls","Sanicare","Toiletry","15.00","17.00","Chuyte"),
("145","4800552051019","rm","250","Avia Premium Colored Assorted Construction Paper (8.5x11\")","Construction Paper","Avia","School & Office","170.00","0.00","Chuyte"),
("146","","pc","1","Avia Premium Colored Assorted Construction Paper (8.5x11\")","Construction Paper","Avia","School & Office","0.68","1.00","Chuyte"),
("147","","dz","12","Ariel Sunrise Fresh 10X-Oxyclean Power Detergent Powder Sachet (70g)","Detergent","Ariel","Toiletry","140.00","0.00","Chuyte"),
("148","4902430583169","pc","1","Ariel Sunrise Fresh 10X-Oxyclean Power Detergent Powder Sachet (70g)","Detergent","Ariel","Toiletry","11.67","14.00","Chuyte"),
("149","","dz","12","Palmolive Shampoo & Conditioner Sachet Healthy & Smooth (15ml)","Shampoo & Conditioner","Palmolive","Toiletry","60.00","0.00","Chuyte"),
("150","8850006493038","pc","1","Palmolive Shampoo & Conditioner Sachet Healthy & Smooth (15ml)","Shampoo & Conditioner","Palmolive","Toiletry","5.00","7.00","Chuyte"),
("151","","dz","12","Palmolive Shampoo & Conditioner Sachet Intensive Moisture (15ml)","Shampoo & Conditioner","Palmolive","Toiletry","60.00","0.00","Chuyte"),
("152","8850006493014","pc","1","Palmolive Shampoo & Conditioner Sachet Intensive Moisture (15ml)","Shampoo & Conditioner","Palmolive","Toiletry","5.00","7.00","Chuyte"),
("153","","dz","12","Creamsilk Conditioner Standout Straight Sachet (12ml)","Conditioner","Creamsilk","Toiletry","68.00","0.00","Chuyte"),
("154","4800888139306","pc","1","Creamsilk Conditioner Standout Straight Sachet (12ml)","Conditioner","Creamsilk","Toiletry","5.67","7.00","Chuyte"),
("155","","dz","12","Surf w/ Fabcon Sun Fresh Detergent Powder Sachet (57g)","Detergent","Surf","Toiletry","63.00","0.00","Chuyte"),
("156","4800888151841","pc","1","Surf w/ Fabcon Sun Fresh Detergent Powder Sachet (57g)","Detergent","Surf","Toiletry","5.25","7.00","Chuyte"),
("157","","dz","12","Surf w/ Fabcon Cherry Blossom Detergent Powder Sachet (50g)","Detergent","Surf","Toiletry","63.00","0.00","Chuyte"),
("158","4800888189806","pc","1","Surf w/ Fabcon Cherry Blossom Detergent Powder Sachet (50g)","Detergent","Surf","Toiletry","5.25","7.00","Chuyte"),
("159","4800888136749","bar","4","Surf Oxybubbles Kalamansi Detergent Bar (380g)","Detergent","Surf","Toiletry","21.50","0.00","Chuyte"),
("160","","cut","1","Surf Oxybubbles Kalamansi Detergent Bar (380g)","Detergent","Surf","Toiletry","5.38","7.00","Chuyte"),
("161","4902430278119","bar","4","TideUltra Original Scent Detergent Bar (380g)","Detergent","Tide","Toiletry","21.00","0.00","Chuyte"),
("162","","cut","1","TideUltra Original Scent Detergent Bar (380g)","Detergent","Tide","Toiletry","5.25","7.00","Chuyte"),
("163","","pc","1","Triangle 4pcs Combo Set 9307-10","Trigo School Supplies","","School & Office","20.00","25.00","Chuyte"),
("164","","pc","1","Illustration Board 1/8","Illustration Board","","School & Office","4.50","6.00","Chuyte"),
("165","","pc","1","Illustration Board 1/4","Illustration Board","","School & Office","9.00","12.00","Chuyte"),
("166","","pc","1","Illustration Board 1/2","Illustration Board","","School & Office","18.00","22.00","Chuyte"),
("167","","dz","12","Easy White Multi-Purpose Glue 40g (Small)","Multi-Purpose Glue","Easy","School & Office","96.00","0.00","Chuyte"),
("168","4620171010378","pc","1","Easy White Multi-Purpose Glue 40g (Small)","Multi-Purpose Glue","Easy","School & Office","8.00","10.00","Chuyte"),
("169","","pc","1","Armak Brown Packing Tape (Thin 2\")","Packing Tape","Armak","School & Office","8.00","10.00","Chuyte"),
("170","","pc","1","TM Protractor (Big)","Protractor","TM","School & Office","3.50","5.00","Chuyte"),
("171","6936328010022","bx","50","TM Paper Fastener T-20601-D","Paper Fastener","TM","School & Office","28.00","0.00","Chuyte"),
("172","","set","1","TM Paper Fastener T-20601-D","Paper Fastener","TM","School & Office","0.56","1.00","Chuyte"),
("173","","pk","50","MGK Push Pin M30001-50","Push Pin","MGK","School & Office","15.00","18.00","Chuyte"),
("174","4806018680083","pk","50","Crown Hi-Quality B-007 Map Pins Assorted Colors","Map Pin","Crown","School & Office","15.00","18.00","Chuyte"),
("175","","pc","1","Brown Envelope Long","Brown Envelope","","School & Office","1.50","4.00","Chuyte"),
("176","","pc","1","Brown Envelope Short","Brown Envelope","","School & Office","1.20","3.00","Chuyte"),
("177","","pc","1","Plastic Envelope Long","Plastic Envelope","","School & Office","7.00","10.00","Chuyte"),
("178","","pc","1","Sesno Correction Tape PS-06 (5mm)","Correction Tape","Sesno","School & Office","23.00","28.00","Chuyte"),
("179","4806515986619","pc","1","Electro Pure Tawas Powder (Red)","Alum","Electro","Toiletry","8.00","10.00","Chuyte"),
("180","4806515987715","pc","1","Electro Tawas w/ Scent Powder (Yellow)","Alum","Electro","Toiletry","10.00","12.00","Chuyte"),
("181","","pc","1","Manila Paper","Manila Paper","","School & Office","4.00","6.00","Chuyte"),
("182","4806502143339","rm","500","Copyone 20 Kleencut Advantage Multi-Purpose Paper A4","Bond Paper","Copyone","School & Office","185.00","0.00","Chuyte"),
("183","","pc","1","Copyone 20 Kleencut Advantage Multi-Purpose Paper A4","Bond Paper","Copyone","School & Office","0.37","1.00","Chuyte"),
("184","4806502143315","rm","500","Copyone 20 Kleencut Advantage Multi-Purpose Paper Legal (8.5x13\")","Bond Paper","Copyone","School & Office","210.00","0.00","Chuyte"),
("185","","pc","1","Copyone 20 Kleencut Advantage Multi-Purpose Paper Legal (8.5x13\")","Bond Paper","Copyone","School & Office","0.42","1.00","Chuyte"),
("186","4806502143308","rm","500","Copyone 20 Kleencut Advantage Multi-Purpose Paper Letter (8.5x11\")","Bond Paper","Copyone","School & Office","180.00","0.00","Chuyte"),
("187","","pc","1","Copyone 20 Kleencut Advantage Multi-Purpose Paper Letter (8.5x11\")","Bond Paper","Copyone","School & Office","0.36","1.00","Chuyte"),
("188","","pc","1","Display Screen Small","Mesh Wire Display","","Hardware","160.00","0.00","Chuyte"),
("189","","pc","1","Uno Plastic Chair","Plastic Chair","Uno","Household","360.00","0.00","Chuyte"),
("190","","pc","1","Cofta Plastic Table 24x24\"","Plastic Table","Cofta","Household","1200.00","0.00","Chuyte"),
("191","","dz","12","Mongol #2 Pencil","Pencil","Mongol","School & Office","75.00","0.00","Chuyte"),
("192","","pc","1","Mongol #2 Pencil","Pencil","Mongol","School & Office","6.25","8.00","Chuyte"),
("193","","dz","12","Prime Excel Ballpen Black","Ballpen","Prime","School & Office","48.00","0.00","Chuyte"),
("194","","pc","1","Prime Excel Ballpen Black","Ballpen","Prime","School & Office","4.00","6.00","Chuyte"),
("195","","dz","12","Prime Excel Ballpen Blue","Ballpen","Prime","School & Office","48.00","0.00","Chuyte"),
("196","4904810335061","pc","1","Prime Excel Ballpen Blue","Ballpen","Prime","School & Office","4.00","6.00","Chuyte"),
("197","","bx","25","HBW 2020 Ballpen Black","Ballpen","HBW","School & Office","106.25","0.00","Chuyte"),
("198","","pc","1","HBW 2020 Ballpen Black","Ballpen","HBW","School & Office","4.25","6.00","Chuyte"),
("199","","rm","100","Cartolina White","Cartolina","","School & Office","500.00","0.00","Chuyte"),
("200","","pc","1","Cartolina White","Cartolina","","School & Office","5.00","7.00","Chuyte"),
("201","","rm","100","Cartolina Color","Cartolina","","School & Office","700.00","0.00","Chuyte"),
("202","","pc","1","Cartolina Color","Cartolina","","School & Office","7.00","9.00","Chuyte"),
("203","","bot","1","Zonrox Bleach Scented Fresh 250ml","Bleach","Zonrox","Toiletry","13.75","16.50","Hypermart"),
("204","","bot","1","Zonrox Bleach Scented Lemon 250ml","Bleach","Zonrox","Toiletry","13.75","16.50","Hypermart"),
("205","","bot","1","Zonrox Bleach Scented Flor 250ml","Bleach","Zonrox","Toiletry","13.50","16.50","Hypermart"),
("206","","bot","1","Zonrox Bleach Color Safe 250ml","Bleach","Zonrox","Toiletry","20.70","26.00","Conchitas"),
("207","","bot","1","Zonrox Bleach Original 250ml","Bleach","Zonrox","Toiletry","12.25","16.00","Conchitas"),
("208","4808888431222","bot","1","Palmolive Silky Straight Keratin Shampoo & Conditioner (90ml)","Shampoo & Conditioner","Palmolive","Toiletry","49.50","57.00","Hypermart"),
("209","4808888413594","bot","1","Palmolive Intensive Moisture Coco Shampoo & Conditioner (90ml)","Shampoo & Conditioner","Palmolive","Toiletry","49.50","57.00","Hypermart"),
("210","9556031063268","bar","1","Palmolive Naturals Irresistible Softness Soap (80g)","Bath Soap","Palmolive","Toiletry","21.50","25.00","Hypermart"),
("211","4902430414418","bot","1","Head & Shoulders Cool Menthol Anti Dandruff Shampoo (70ml)","Shampoo","Head & Shoulder","Toiletry","49.50","57.00","Hypermart"),
("212","4800888156280","bot","1","Sunsilk Co-Creations Strong & Long Shampoo (90ml)","Shampoo","Sunsilk","Toiletry","49.50","57.00","Hypermart"),
("213","4800888140852","bot","1","Sunsilk Co-Creations Smooth & Manageable Shampoo (90ml)","Shampoo","Sunsilk","Toiletry","49.50","57.00","Hypermart"),
("214","8850007372882","pk","16","Modess Regular w/ Wings Napkin","Feminine Sanitary Pad","Modess","Toiletry","70.00","0.00","Hypermart"),
("215","","pc","1","Modess Regular w/ Wings Napkin","Feminine Sanitary Pad","Modess","Toiletry","4.37","6.00","Hypermart"),
("216","4808888320106","pc","1","Colgate Classic Deep Clean Toothbrush","Toothbrush","Colgate","Toiletry","12.00","15.00","Hypermart"),
("217","8998866800761","bar","1","Wings Active White Oxy White Technology Detergent Cut Bar (150g)","Detergent","Wings","Toiletry","7.75","9.50","Hypermart"),
("218","","bot","1","Datu Puti Vinegar Spiced 3","Vinegar","Datu Puti","Food Additive","33.75","0.00","Hypermart"),
("219","","pc","1","Shine Master Natural Premium Paste Wax (90g)","Floor Wax","Shine Master","Household","13.00","16.00","Hypermart"),
("220","4809012222051","pk","20","A&B Candle & Wax Esperma No.5","Candle","A&B","Household","38.00","0.00","Chuyte"),
("221","","pc","1","A&B Candle & Wax Esperma No.5","Candle","A&B","Household","1.90","2.50","Chuyte"),
("222","8993242107038","rm","500","Copy & Laser High Performance Office Paper (216x279mm)","Bond Paper","Copy & Laser","School & Office","180.00","0.00","Chuyte"),
("223","","pc","1","Copy & Laser High Performance Office Paper (216x279mm)","Bond Paper","Copy & Laser","School & Office","0.36","1.00","Chuyte"),
("224","","crd","10","HBS Immuno-C 500mg Capsule Vitamin C","Vitamin C","HBS","Pharmaceutical","60.00","0.00","Other"),
("225","","pc","1","HBS Immuno-C 500mg Capsule Vitamin C","Vitamin C","HBS","Pharmaceutical","6.00","8.00","Other"),
("226","","crd","10","Biogesic Paracetamol 500mg Tablet","Paracetamol","Biogesic","Pharmaceutical","40.00","0.00","Other"),
("227","","pc","1","Biogesic Paracetamol 500mg Tablet","Paracetamol","Biogesic","Pharmaceutical","4.00","5.00","Other"),
("228","","crd","10","Ponstan Mefenamic Acid 500mg Capsule","Mefenamic","Ponstan","Pharmaceutical","250.00","0.00","Other"),
("229","","pc","1","Ponstan Mefenamic Acid 500mg Capsule","Mefenamic","Ponstan","Pharmaceutical","25.00","30.00","Other"),
("230","","crd","10","Neozep Forte 10mg/2mg/500mg Tablet","Common Cold Medicine","Neozep Forte","Pharmaceutical","50.00","0.00","Other"),
("231","","pc","1","Neozep Forte 10mg/2mg/500mg Tablet","Common Cold Medicine","Neozep Forte","Pharmaceutical","5.00","7.00","Other"),
("232","","crd","10","Nafarin A","Common Cold Medicine","Nafarin A","Pharmaceutical","0.00","0.00","Other"),
("233","","pc","1","Nafarin A","Common Cold Medicine","Nafarin A","Pharmaceutical","0.00","0.00","Other"),
("234","","pc","1","Rexona Natural Whitening Fresh Rose Deo-Lotion 48hr (4ml)","Deodorant","Rexona","Toiletry","8.00","10.00","Other"),
("235","","rm","10","Yellow Pad","Yellow Pad","","School & Office","220.00","270.00","Chuyte"),
("236","","pd","10","Yellow Pad","Yellow Pad","","School & Office","22.00","28.00","Chuyte"),
("237","4806524879261","pd","1","Megan Quick Notes 3x3\" Adhesive Notes (100 sheets)","Adhesive Note","Megan","School & Office","22.00","25.00","Chuyte"),
("238","4806508031074","pc","1","P1 Spiral Yarn Notebook (148x200mm 80 Leaves)","Notebook","","School & Office","13.00","17.00","Chuyte"),
("239","4806508030787","pc","1","Pixel Notes Writing Notebook (148x200mm 80 Leaves)","Notebook","","School & Office","12.00","16.00","Chuyte"),
("240","","pc","1","Letter Envelope","Letter Envelope","","School & Office","0.20","1.00","Chuyte"),
("241","","pc","1","Mini Envelope","Mini Envelope","","School & Office","0.20","1.00","Chuyte"),
("242","","pc","1","Wild Husky Cut-Size Clear Plastic Cover (Gauge 2.6 13.5\"x5m*)","Plastic Cover","","School & Office","28.00","35.00","Chuyte"),
("243","4902430333597","pc","1","Head & Shoulders Cool Menthol Anti Dandruff Shampoo Sashet (12ml)","Shampoo","","School & Office","4.40","6.00","Conchitas"),
("244","9556031063305","pc","1","Palmolive Naturals Pinkish & Glow Soap (115g)","Bath Soap","","Toiletry","29.50","36.00","Conchitas");

INSERT INTO `items_transactions` (`transaction_id`, `customer`, `type`, `date`) VALUES
('1', NULL, 'RESTOCK', '2019-09-23 08:00:00'),
('2', NULL, 'RESTOCK', '2019-10-30 08:00:00'),
('3', NULL, 'LOSS', '2019-11-04 23:30:00'),
('4', NULL, 'SURPLUS', '2019-11-04 23:35:00'),
('5', NULL, 'RESTOCK', '2019-11-11 11:00:00');

INSERT INTO `items_transactions_details`(`transaction_id`, `item_id`, `amount`) VALUES
(1,192,12),
(1,196,12),
(1,194,12),
(1,198,25),
(1,105,5),
(1,176,5),
(1,175,5),
(1,177,5),
(2,30,1),
(2,32,12),
(2,34,12),
(2,36,12),
(2,38,100),
(2,40,100),
(2,41,1),
(2,43,12),
(2,45,12),
(2,46,3),
(2,47,3),
(2,49,20),
(2,51,8),
(2,53,8),
(2,55,6),
(2,57,6),
(2,59,3),
(2,60,2),
(2,61,6),
(2,63,100),
(2,66,12),
(2,68,6),
(2,70,7),
(2,71,4),
(2,72,2),
(2,73,2),
(2,75,6),
(2,77,6),
(2,78,2),
(2,80,50),
(2,82,3),
(2,84,12),
(2,85,6),
(2,86,6),
(2,87,2),
(2,88,2),
(2,90,12),
(2,92,12),
(2,94,12),
(2,95,3),
(2,96,3),
(2,97,3),
(2,99,11),
(2,101,12),
(2,103,6),
(2,105,9),
(2,106,1),
(2,110,20),
(2,112,10),
(2,116,10),
(2,118,20),
(2,119,3),
(2,121,10),
(2,122,6),
(2,123,3),
(2,124,6),
(2,125,6),
(2,127,12),
(2,129,25),
(2,131,25),
(2,133,6),
(2,134,3),
(2,135,3),
(2,137,30),
(2,140,8),
(2,142,8),
(2,143,6),
(2,144,2),
(2,146,250),
(2,148,6),
(2,150,6),
(2,152,6),
(2,154,12),
(2,156,6),
(2,158,6),
(2,160,4),
(2,162,4),
(2,163,3),
(2,164,6),
(2,165,6),
(2,166,3),
(2,168,12),
(2,169,2),
(2,170,6),
(2,172,50),
(2,173,1),
(2,174,1),
(2,175,8),
(2,176,6),
(2,178,3),
(2,179,6),
(2,180,6),
(2,181,5),
(2,183,500),
(2,185,500),
(2,187,500),
(2,192,9),
(2,194,5),
(2,198,24),
(2,200,2),
(2,202,2),
(2,203,1),
(2,204,1),
(2,205,1),
(2,206,1),
(2,207,1),
(2,208,1),
(2,209,1),
(2,210,2),
(2,211,1),
(2,212,1),
(2,213,1),
(2,215,16),
(2,216,3),
(2,217,1),
(2,219,1),
(2,221,20),
(2,225,10),
(2,227,6),
(2,229,2),
(2,231,6),
(2,234,4),
(3,177,2),
(3,194,2),
(4,192,1),
(5,148,6),
(5,46,12),
(5,47,12),
(5,192,12),
(5,221,20),
(5,162,8),
(5,216,1),
(5,243,12);


INSERT INTO items_stock (`item_id`,`stock`) VALUES
(1,0),
(2,0),
(3,0),
(4,0),
(5,0),
(6,0),
(7,0),
(30,1),
(31,0),
(32,12),
(33,0),
(34,12),
(35,0),
(36,12),
(37,0),
(38,100),
(39,0),
(40,100),
(41,1),
(42,0),
(43,12),
(44,0),
(45,12),
(46,15),
(47,15),
(48,0),
(49,20),
(50,0),
(51,8),
(52,0),
(53,8),
(54,0),
(55,6),
(56,0),
(57,6),
(58,0),
(59,3),
(60,2),
(61,6),
(62,0),
(63,100),
(64,0),
(65,0),
(66,12),
(67,0),
(68,6),
(69,0),
(70,7),
(71,4),
(72,2),
(73,2),
(74,0),
(75,6),
(76,0),
(77,6),
(78,2),
(79,0),
(80,50),
(81,0),
(82,3),
(83,0),
(84,12),
(85,6),
(86,6),
(87,2),
(88,2),
(89,0),
(90,12),
(91,0),
(92,12),
(93,0),
(94,12),
(95,3),
(96,3),
(97,3),
(98,0),
(99,11),
(100,0),
(101,12),
(102,0),
(103,11),
(104,0),
(105,6),
(106,1),
(107,0),
(108,0),
(109,0),
(110,20),
(111,0),
(112,10),
(113,0),
(114,0),
(115,0),
(116,10),
(117,0),
(118,20),
(119,3),
(120,0),
(121,10),
(122,6),
(123,3),
(124,6),
(125,6),
(126,0),
(127,12),
(128,0),
(129,25),
(130,0),
(131,25),
(132,0),
(133,6),
(134,3),
(135,3),
(136,0),
(137,30),
(138,0),
(139,0),
(140,8),
(141,0),
(142,8),
(143,6),
(144,2),
(145,0),
(146,250),
(147,0),
(148,12),
(149,0),
(150,6),
(151,0),
(152,6),
(153,0),
(154,12),
(155,0),
(156,6),
(157,0),
(158,6),
(159,0),
(160,4),
(161,0),
(162,12),
(163,3),
(164,6),
(165,6),
(166,3),
(167,0),
(168,12),
(169,2),
(170,6),
(171,0),
(172,50),
(173,1),
(174,1),
(175,10),
(176,9),
(177,3),
(178,3),
(179,6),
(180,6),
(181,5),
(182,0),
(183,500),
(184,0),
(185,500),
(186,0),
(187,500),
(188,0),
(189,0),
(190,0),
(191,0),
(192,21),
(193,0),
(194,5),
(195,0),
(196,10),
(197,0),
(198,24),
(199,0),
(200,100),
(201,0),
(202,100),
(203,1),
(204,1),
(205,1),
(206,1),
(207,1),
(208,1),
(209,1),
(210,2),
(211,1),
(212,1),
(213,1),
(214,0),
(215,16),
(216,4),
(217,1),
(218,0),
(219,1),
(220,0),
(221,40),
(222,0),
(223,0),
(224,0),
(225,10),
(226,0),
(227,6),
(228,0),
(229,2),
(230,0),
(231,6),
(232,0),
(233,0),
(234,4),
(235,0),
(236,10),
(237,2),
(238,5),
(239,5),
(240,20),
(241,20),
(242,6),
(243,12),
(244,6);

